,afterDays,afterImages,afterUserComment,afterVideos,anonymousFlag,content,creationTime,days,discussionId,firstCategory,guid,id,imageCount,images,integral,isMobile,isReplyGrade,isTop,mergeOrderStatus,mobileVersion,nickname,orderId,plusAvailable,productColor,productSales,productSize,recommend,referenceId,referenceImage,referenceName,referenceTime,referenceType,referenceTypeId,replies,replyCount,replyCount2,score,secondCategory,showOrderComment,status,thirdCategory,title,topped,usefulVoteCount,uselessVoteCount,userClient,userClientShow,userImage,userImageUrl,userImgFlag,userLevelColor,userLevelId,userLevelName,userProvince,videos,viewCount
0,0,,,,0,京东速度杠杠的！信任京东！昨晚11:30付的尾款！本来显示的是预计12号送达的！结果下午还是送来了！效率没得说！要的就是这速度！东西看着还不错吧！小巧玲珑的很好看！目前没发现什么问题！我个人觉得这屏幕分辨率太低了点！！不知道这个电子狗功能是不是鸡肋！看上的就是这个功能，希望好用！因为我原车本来就自带记录仪的！虽然还没有上车使用！但因为信任京东，信任360就先好评了！具体表现要明天使用后才知道！后续再补充！,2017-11-11 20:50:13,13,281778537,6728,fa3de67a-03d2-4bb6-97cd-c967f7935ef2,10954402919,8,"[{'id': 444721568, 'associateId': 281778537, 'productId': 0, 'imgUrl': '//img30.360buyimg.com/n0/s128x96_jfs/t11176/232/1687264821/286980/9e9136d3/5a06f1eaNc755a7b4.jpg', 'available': 1, 'pin': '', 'dealt': 0, 'imgTitle': '', 'isMain': 0, 'jShow': 0}, {'id': 444721569, 'associateId': 281778537, 'productId': 0, 'imgUrl': '//img30.360buyimg.com/n0/s128x96_jfs/t11575/304/1724728917/346314/518de531/5a06f1fdNdc828407.jpg', 'available': 1, 'pin': '', 'dealt': 0, 'imgTitle': '', 'isMain': 0, 'jShow': 0}, {'id': 444721570, 'associateId': 281778537, 'productId': 0, 'imgUrl': '//img30.360buyimg.com/n0/s128x96_jfs/t11833/145/1704966752/372338/b6025518/5a06f200N4bfa6dbd.jpg', 'available': 1, 'pin': '', 'dealt': 0, 'imgTitle': '', 'isMain': 0, 'jShow': 0}, {'id': 444739001, 'associateId': 281778537, 'productId': 0, 'imgUrl': '//img30.360buyimg.com/n0/s128x96_jfs/t11821/141/1716833678/392406/e210e85b/5a06f203N456d1a3c.jpg', 'available': 1, 'pin': '', 'dealt': 0, 'imgTitle': '', 'isMain': 0, 'jShow': 0}, {'id': 444739002, 'associateId': 281778537, 'productId': 0, 'imgUrl': '//img30.360buyimg.com/n0/s128x96_jfs/t14056/137/251885152/440876/af93e594/5a06f1eeN4331f8b9.jpg', 'available': 1, 'pin': '', 'dealt': 0, 'imgTitle': '', 'isMain': 0, 'jShow': 0}, {'id': 444739003, 'associateId': 281778537, 'productId': 0, 'imgUrl': '//img30.360buyimg.com/n0/s128x96_jfs/t12568/222/252124357/492844/ceaed847/5a06f205N0a9595fd.jpg', 'available': 1, 'pin': '', 'dealt': 0, 'imgTitle': '', 'isMain': 0, 'jShow': 0}, {'id': 444739004, 'associateId': 281778537, 'productId': 0, 'imgUrl': '//img30.360buyimg.com/n0/s128x96_jfs/t7852/174/4417993983/387213/b077759a/5a06f203N085d2eb5.jpg', 'available': 1, 'pin': '', 'dealt': 0, 'imgTitle': '', 'isMain': 0, 'jShow': 0}, {'id': 444739005, 'associateId': 281778537, 'productId': 0, 'imgUrl': '//img30.360buyimg.com/n0/s128x96_jfs/t11920/134/1718109815/369888/a146f7d2/5a06f203N8a8082f9.jpg', 'available': 1, 'pin': '', 'dealt': 0, 'imgTitle': '', 'isMain': 0, 'jShow': 0}]",-20,True,False,False,2,,183*****913_p,0,103,G300新品首发预售,[],,True,5535583,jfs/t19159/323/2295059329/242947/4a7a4ac5/5af035f0N498794c1.jpg,360行车记录仪 G300 迷你隐藏 高清夜视 无线测速电子狗一体 +16g卡组套产品,2017-10-29 10:14:53,Product,0,[],109,0,5,6740,"{'id': 281778537, 'guid': 'd28be1ed-6142-48be-801d-c4b94846c365', 'content': '京东速度杠杠的！信任京东！昨晚11:30付的尾款！本来显示的是预计12号送达的！结果下午还是送来了！效率没得说！要的就是这速度！东西看着还不错吧！小巧玲珑的很好看！目前没发现什么问题！我个人觉得这屏幕分辨率太低了点！！不知道这个电子狗功能是不是鸡肋！看上的就是这个功能，希望好用！因为我原车本来就自带记录仪的！虽然还没有上车使用！但因为信任京东，信任360就先好评了！具体表现要明天使用后才知道！后续再补充！', 'creationTime': '2017-11-11 20:50:13', 'isTop': False, 'referenceId': '5535583', 'referenceType': 'Order', 'referenceTypeId': 0, 'firstCategory': 0, 'secondCategory': 0, 'thirdCategory': 0, 'replyCount': 0, 'replyCount2': 0, 'score': 0, 'status': 1, 'usefulVoteCount': 0, 'uselessVoteCount': 0, 'userProvince': '', 'viewCount': 0, 'orderId': 0, 'isReplyGrade': False, 'userClient': 2, 'isDeal': 1, 'integral': -20, 'userImgFlag': 0, 'anonymousFlag': 0, 'mobileVersion': '', 'recommend': False, 'userLevelColor': '#666666', 'userClientShow': '来自京东iPhone客户端', 'isMobile': True}",1,6964,,0,142,0,2,来自京东iPhone客户端,misc.360buyimg.com/user/myjd-2015/css/i/peisong.jpg,misc.360buyimg.com/user/myjd-2015/css/i/peisong.jpg,0,#666666,62,金牌会员,,"[{'id': 444710792, 'associateId': 281778537, 'productId': 5535583, 'videoTitle': '', 'yn': 0, 'dealt': 0, 'isMain': 0, 'videoLength': 9, 'pin': '', 'videoUrl': '1874002', 'mainUrl': 'http://1251412368.vod2.myqcloud.com/vodtransgzp1251412368/9031868223636280799/coverBySnapshot/1510403857_4119901056.100_0.jpg', 'available': 1, 'videoWidth': 1080, 'videoHeight': 1920, 'jShow': 0}]",0
1,12,[],"{'tableNames': {}, 'forceRead2Writer': False, 'id': 20513120, 'productId': 5535583, 'orderId': 0, 'commentId': 10961472743, 'status': 1, 'pin': '', 'clientType': 2, 'ip': '', 'anonymous': 1, 'dealt': 0, 'created': '2017-11-13 08:47:08', 'modified': '2017-11-13 08:47:08', 'hAfterUserComment': {'rowKey': '2620513120', 'id': 20513120, 'content': '白天效果还是挺好的。', 'discussionId': 283107577}}","[{'id': 446788946, 'associateId': 283107577, 'productId': 5535583, 'videoTitle': '', 'yn': 0, 'dealt': 0, 'isMain': 0, 'videoLength': 9, 'pin': '', 'videoUrl': '1942184', 'mainUrl': 'http://1251412368.vod2.myqcloud.com/vodtransgzp1251412368/9031868223645457254/coverBySnapshot/1510534017_764610521.100_0.jpg', 'available': 1, 'videoWidth': 1920, 'videoHeight': 1080, 'jShow': 0}]",1,外观好看，大气简约，发货速度也很快，收到马上安装了，自己动手，就装在中间。镜头可以上下摆动，但是不能左右，WIFI手机查看，机器也可以查看视频，振动录像相当敏感。总体都挺好的，夜晚清晰度一般。白天等下再试试,2017-11-13 08:08:09,12,283089667,6728,daf2e101-f28b-4d9e-acbd-a924ad1618b5,10961472743,9,"[{'id': 446785693, 'associateId': 283089667, 'productId': 0, 'imgUrl': '//img30.360buyimg.com/n0/s128x96_jfs/t12907/158/318651427/654874/f138cfaa/5a08e269N015550c1.jpg', 'available': 1, 'pin': '', 'dealt': 0, 'imgTitle': '', 'isMain': 0, 'jShow': 0}, {'id': 446785694, 'associateId': 283089667, 'productId': 0, 'imgUrl': '//img30.360buyimg.com/n0/s128x96_jfs/t13282/193/327225588/309056/61d5c00e/5a08e269Nae383ebf.jpg', 'available': 1, 'pin': '', 'dealt': 0, 'imgTitle': '', 'isMain': 0, 'jShow': 0}, {'id': 446785695, 'associateId': 283089667, 'productId': 0, 'imgUrl': '//img30.360buyimg.com/n0/s128x96_jfs/t11815/195/1798660362/312360/925e40ad/5a08e269N89986728.jpg', 'available': 1, 'pin': '', 'dealt': 0, 'imgTitle': '', 'isMain': 0, 'jShow': 0}, {'id': 446785696, 'associateId': 283089667, 'productId': 0, 'imgUrl': '//img30.360buyimg.com/n0/s128x96_jfs/t11857/211/1645948433/284058/33d4bc88/5a08e269N7812335a.jpg', 'available': 1, 'pin': '', 'dealt': 0, 'imgTitle': '', 'isMain': 0, 'jShow': 0}, {'id': 446785697, 'associateId': 283089667, 'productId': 0, 'imgUrl': '//img30.360buyimg.com/n0/s128x96_jfs/t13528/179/319740838/226110/11d748f8/5a08e269N01b1e3a6.jpg', 'available': 1, 'pin': '', 'dealt': 0, 'imgTitle': '', 'isMain': 0, 'jShow': 0}, {'id': 446785698, 'associateId': 283089667, 'productId': 0, 'imgUrl': '//img30.360buyimg.com/n0/s128x96_jfs/t12322/213/315507956/214597/d7d12873/5a08e269Nf9e0d2c3.jpg', 'available': 1, 'pin': '', 'dealt': 0, 'imgTitle': '', 'isMain': 0, 'jShow': 0}, {'id': 446785699, 'associateId': 283089667, 'productId': 0, 'imgUrl': '//img30.360buyimg.com/n0/s128x96_jfs/t11257/62/1777705966/193022/a4b87d61/5a08e269N30e28110.jpg', 'available': 1, 'pin': '', 'dealt': 0, 'imgTitle': '', 'isMain': 0, 'jShow': 0}, {'id': 446785700, 'associateId': 283089667, 'productId': 0, 'imgUrl': '//img30.360buyimg.com/n0/s128x96_jfs/t12325/264/328981423/237614/e975eb73/5a08e269N6b02d218.jpg', 'available': 1, 'pin': '', 'dealt': 0, 'imgTitle': '', 'isMain': 0, 'jShow': 0}, {'id': 446785701, 'associateId': 283089667, 'productId': 0, 'imgUrl': '//img30.360buyimg.com/n0/s128x96_jfs/t13921/157/326409711/131977/281c54c7/5a08e267N70e375a4.jpg', 'available': 1, 'pin': '', 'dealt': 0, 'imgTitle': '', 'isMain': 0, 'jShow': 0}]",-20,True,False,False,2,,y***2,0,103,G300新品首发预售,[],,True,5535583,jfs/t19159/323/2295059329/242947/4a7a4ac5/5af035f0N498794c1.jpg,360行车记录仪 G300 迷你隐藏 高清夜视 无线测速电子狗一体 +16g卡组套产品,2017-11-01 06:05:32,Product,0,[],2,0,5,6740,"{'id': 283089667, 'guid': '0af5a970-1cf6-4dbb-8048-3fc9b6673fb6', 'content': '外观好看，大气简约，发货速度也很快，收到马上安装了，自己动手，就装在中间。镜头可以上下摆动，但是不能左右，WIFI手机查看，机器也可以查看视频，振动录像相当敏感。总体都挺好的，夜晚清晰度一般。白天等下再试试', 'creationTime': '2017-11-13 08:08:09', 'isTop': False, 'referenceId': '5535583', 'referenceType': 'Order', 'referenceTypeId': 0, 'firstCategory': 0, 'secondCategory': 0, 'thirdCategory': 0, 'replyCount': 0, 'replyCount2': 0, 'score': 0, 'status': 1, 'usefulVoteCount': 0, 'uselessVoteCount': 0, 'userProvince': '', 'viewCount': 0, 'orderId': 0, 'isReplyGrade': False, 'userClient': 2, 'isDeal': 1, 'integral': -20, 'userImgFlag': 0, 'anonymousFlag': 1, 'mobileVersion': '', 'recommend': False, 'userLevelColor': '#666666', 'userClientShow': '来自京东iPhone客户端', 'isMobile': True}",1,6964,,0,19,0,2,来自京东iPhone客户端,storage.360buyimg.com/i.imageUpload/6a645f3764373662666537346233653031343235323839313535373036_sma.jpg,storage.360buyimg.com/i.imageUpload/6a645f3764373662666537346233653031343235323839313535373036_sma.jpg,1,#666666,62,金牌会员,,,0
2,0,,,,1,生产日期很美丽！2017-11，东西还没用上去，但是从体积上肯定不错，毕竟不会被遮挡。隐藏的很好，而且参数我看过，和后视镜版本M302几乎一样，胜在不占空间。东西也比较简约，使用过一段日子再来评价。外观还不错！,2017-11-11 11:32:44,4,281304684,6728,3e12ada2-05f7-4cf9-9378-85b82ce2a282,10951744508,7,"[{'id': 443999308, 'associateId': 281304684, 'productId': 0, 'imgUrl': '//img30.360buyimg.com/n0/s128x96_jfs/t7552/227/4580257614/103825/339894e3/5a066f53N1191c1da.jpg', 'available': 1, 'pin': '', 'dealt': 0, 'imgTitle': '', 'isMain': 0, 'jShow': 0}, {'id': 443999309, 'associateId': 281304684, 'productId': 0, 'imgUrl': '//img30.360buyimg.com/n0/s128x96_jfs/t11410/227/1716308291/118284/854766a0/5a066f55N4e661703.jpg', 'available': 1, 'pin': '', 'dealt': 0, 'imgTitle': '', 'isMain': 0, 'jShow': 0}, {'id': 443999310, 'associateId': 281304684, 'productId': 0, 'imgUrl': '//img30.360buyimg.com/n0/s128x96_jfs/t11341/298/1659698378/101784/9906e5d3/5a066f57Nba9b7cdd.jpg', 'available': 1, 'pin': '', 'dealt': 0, 'imgTitle': '', 'isMain': 0, 'jShow': 0}, {'id': 443999311, 'associateId': 281304684, 'productId': 0, 'imgUrl': '//img30.360buyimg.com/n0/s128x96_jfs/t7672/364/4066195540/92679/999c18f8/5a066f58Nb7f95c11.jpg', 'available': 1, 'pin': '', 'dealt': 0, 'imgTitle': '', 'isMain': 0, 'jShow': 0}, {'id': 443999312, 'associateId': 281304684, 'productId': 0, 'imgUrl': '//img30.360buyimg.com/n0/s128x96_jfs/t11257/227/1680036292/97027/d3627538/5a066f3eN502f487e.jpg', 'available': 1, 'pin': '', 'dealt': 0, 'imgTitle': '', 'isMain': 0, 'jShow': 0}, {'id': 443999313, 'associateId': 281304684, 'productId': 0, 'imgUrl': '//img30.360buyimg.com/n0/s128x96_jfs/t7552/223/4692152278/94518/caca9b52/5a066f5bN3a429242.jpg', 'available': 1, 'pin': '', 'dealt': 0, 'imgTitle': '', 'isMain': 0, 'jShow': 0}, {'id': 443999314, 'associateId': 281304684, 'productId': 0, 'imgUrl': '//img30.360buyimg.com/n0/s128x96_jfs/t14116/58/245004593/114772/a5d60470/5a066f5cN62a03403.jpg', 'available': 1, 'pin': '', 'dealt': 0, 'imgTitle': '', 'isMain': 0, 'jShow': 0}]",-20,True,False,False,2,,W***丶,0,201,G300新品首发预售,[],,True,5535583,jfs/t19159/323/2295059329/242947/4a7a4ac5/5af035f0N498794c1.jpg,360行车记录仪 G300 迷你隐藏 高清夜视 无线测速电子狗一体 +16g卡组套产品,2017-11-07 22:50:12,Product,0,[],18,0,5,6740,"{'id': 281304684, 'guid': '2bf7f79a-76e4-4bf4-baa2-b5b858d22eb0', 'content': '生产日期很美丽！2017-11，东西还没用上去，但是从体积上肯定不错，毕竟不会被遮挡。隐藏的很好，而且参数我看过，和后视镜版本M302几乎一样，胜在不占空间。东西也比较简约，使用过一段日子再来评价。外观还不错！', 'creationTime': '2017-11-11 11:32:44', 'isTop': False, 'referenceId': '5535583', 'referenceType': 'Order', 'referenceTypeId': 0, 'firstCategory': 0, 'secondCategory': 0, 'thirdCategory': 0, 'replyCount': 0, 'replyCount2': 0, 'score': 0, 'status': 1, 'usefulVoteCount': 0, 'uselessVoteCount': 0, 'userProvince': '', 'viewCount': 0, 'orderId': 0, 'isReplyGrade': False, 'userClient': 4, 'isDeal': 1, 'integral': -20, 'userImgFlag': 0, 'anonymousFlag': 1, 'mobileVersion': '', 'recommend': False, 'userLevelColor': '#666666', 'userClientShow': '来自京东Android客户端', 'isMobile': True}",1,6964,,0,46,0,4,来自京东Android客户端,storage.360buyimg.com/i.imageUpload/313031363137362d363833343531303531343733363730373738363939_sma.jpg,storage.360buyimg.com/i.imageUpload/313031363137362d363833343531303531343733363730373738363939_sma.jpg,1,#e1a10a,105,PLUS会员,,"[{'id': 443960435, 'associateId': 281304684, 'productId': 5535583, 'videoTitle': '', 'yn': 0, 'dealt': 0, 'isMain': 0, 'videoLength': 9, 'pin': '', 'videoUrl': '1847723', 'mainUrl': 'http://1251412368.vod2.myqcloud.com/vodtransgzp1251412368/9031868223610964589/coverBySnapshot/1510371073_2024631683.100_0.jpg', 'available': 1, 'videoWidth': 1080, 'videoHeight': 1920, 'jShow': 0}]",0
3,0,,,,1,京东的速度很舒服，包装完好，发票齐全，新品收到后还没安装，360的品质还是不错的，预售款优惠多多，评价返购物券，不送内存卡自己购买的闪迪，匹配度还是不错速度快，感觉老款性价比高，下午开车试下电子狗功能，如果满意的话还是物超所值，先说这么多，后续继续啊哈！！！！！！！,2017-11-12 10:50:01,3,282127267,6728,5bf920b6-0a91-4b96-a42f-22a4776730d2,10956664689,4,"[{'id': 445265686, 'associateId': 282127267, 'productId': 0, 'imgUrl': '//img30.360buyimg.com/n0/s128x96_jfs/t7501/174/4587489041/52329/6e7dcf87/5a07b6d7N7970527a.jpg', 'available': 1, 'pin': '', 'dealt': 0, 'imgTitle': '', 'isMain': 0, 'jShow': 0}, {'id': 445265687, 'associateId': 282127267, 'productId': 0, 'imgUrl': '//img30.360buyimg.com/n0/s128x96_jfs/t11827/206/1766317549/44081/2d979b8a/5a07b6c8N70e9e09b.jpg', 'available': 1, 'pin': '', 'dealt': 0, 'imgTitle': '', 'isMain': 0, 'jShow': 0}, {'id': 445265688, 'associateId': 282127267, 'productId': 0, 'imgUrl': '//img30.360buyimg.com/n0/s128x96_jfs/t12493/181/277901329/57118/26f5f4ae/5a07b6d9Nbf311ab9.jpg', 'available': 1, 'pin': '', 'dealt': 0, 'imgTitle': '', 'isMain': 0, 'jShow': 0}, {'id': 445265689, 'associateId': 282127267, 'productId': 0, 'imgUrl': '//img30.360buyimg.com/n0/s128x96_jfs/t7339/57/4745687524/97584/705d5c66/5a07b6d7N30833c33.jpg', 'available': 1, 'pin': '', 'dealt': 0, 'imgTitle': '', 'isMain': 0, 'jShow': 0}]",-20,True,False,False,2,,牛***板,0,0,G300新品首发预售,[],,True,5535583,jfs/t19159/323/2295059329/242947/4a7a4ac5/5af035f0N498794c1.jpg,360行车记录仪 G300 迷你隐藏 高清夜视 无线测速电子狗一体 +16g卡组套产品,2017-11-09 21:33:59,Product,0,[],14,0,5,6740,"{'id': 282127267, 'guid': '02df67a2-5a00-49c6-a692-9c3723f83451', 'content': '京东的速度很舒服，包装完好，发票齐全，新品收到后还没安装，360的品质还是不错的，预售款优惠多多，评价返购物券，不送内存卡自己购买的闪迪，匹配度还是不错速度快，感觉老款性价比高，下午开车试下电子狗功能，如果满意的话还是物超所值，先说这么多，后续继续啊哈！！！！！！！', 'creationTime': '2017-11-12 10:50:02', 'isTop': False, 'referenceId': '5535583', 'referenceType': 'Order', 'referenceTypeId': 0, 'firstCategory': 0, 'secondCategory': 0, 'thirdCategory': 0, 'replyCount': 0, 'replyCount2': 0, 'score': 0, 'status': 1, 'usefulVoteCount': 0, 'uselessVoteCount': 0, 'userProvince': '', 'viewCount': 0, 'orderId': 0, 'isReplyGrade': False, 'userClient': 4, 'isDeal': 1, 'integral': -20, 'userImgFlag': 0, 'anonymousFlag': 1, 'mobileVersion': '', 'recommend': False, 'userLevelColor': '#666666', 'userClientShow': '来自京东Android客户端', 'isMobile': True}",1,6964,,0,53,0,4,来自京东Android客户端,storage.360buyimg.com/i.imageUpload/31383331373830393933355f7031353130343535313037333839_sma.jpg,storage.360buyimg.com/i.imageUpload/31383331373830393933355f7031353130343535313037333839_sma.jpg,1,#666666,61,银牌会员,,"[{'id': 445246944, 'associateId': 282127267, 'productId': 5535583, 'videoTitle': '', 'yn': 0, 'dealt': 0, 'isMain': 0, 'videoLength': 9, 'pin': '', 'videoUrl': '1891421', 'mainUrl': 'http://1251412368.vod2.myqcloud.com/vodtransgzp1251412368/9031868223639291942/coverBySnapshot/1510454995_1491478329.100_0.jpg', 'available': 1, 'videoWidth': 1080, 'videoHeight': 1920, 'jShow': 0}]",0
4,3,[],"{'tableNames': {}, 'forceRead2Writer': False, 'id': 22883791, 'productId': 5535583, 'orderId': 0, 'commentId': 11133931060, 'status': 1, 'pin': '', 'clientType': 4, 'ip': '', 'anonymous': 1, 'dealt': 0, 'created': '2018-01-07 18:08:49', 'modified': '2018-01-07 18:08:49', 'hAfterUserComment': {'rowKey': '3922883791', 'id': 22883791, 'content': '真心的挺好，白天就不用说了，夜间也很清晰。主要是和手机连接真的太方便了。看夜间图', 'discussionId': 311438873}}","[{'id': 490472170, 'associateId': 311438873, 'productId': 5535583, 'videoTitle': '', 'yn': 0, 'dealt': 0, 'isMain': 0, 'videoLength': 9, 'pin': '', 'videoUrl': '3723190', 'mainUrl': 'http://1251412368.vod2.myqcloud.com/vodtransgzp1251412368/4564972818923111482/coverBySnapshot/1515319713_4151551116.100_0.jpg', 'available': 1, 'videoWidth': 1920, 'videoHeight': 1080, 'jShow': 0}]",1,刚到货，还没用，看着还行。等安装使用后在追加评价吧,2018-01-05 17:37:42,1,310631952,6728,3961d26a-0260-4eeb-a695-225b41d9fa4a,11133931060,6,"[{'id': 489279571, 'associateId': 310631952, 'productId': 0, 'imgUrl': '//img30.360buyimg.com/n0/s128x96_jfs/t15877/236/1320212697/89916/80d772b4/5a4f4763Nf1451581.jpg', 'available': 1, 'pin': '', 'dealt': 0, 'imgTitle': '', 'isMain': 0, 'jShow': 0}, {'id': 489279572, 'associateId': 310631952, 'productId': 0, 'imgUrl': '//img30.360buyimg.com/n0/s128x96_jfs/t15610/55/1343921580/112354/5b0c0cf1/5a4f4750N9be8a14e.jpg', 'available': 1, 'pin': '', 'dealt': 0, 'imgTitle': '', 'isMain': 0, 'jShow': 0}, {'id': 489279573, 'associateId': 310631952, 'productId': 0, 'imgUrl': '//img30.360buyimg.com/n0/s128x96_jfs/t12739/10/2255403192/67839/7ff7b40d/5a4f4741N40227a63.jpg', 'available': 1, 'pin': '', 'dealt': 0, 'imgTitle': '', 'isMain': 0, 'jShow': 0}, {'id': 489279574, 'associateId': 310631952, 'productId': 0, 'imgUrl': '//img30.360buyimg.com/n0/s128x96_jfs/t16096/12/1269534632/109080/402c7e27/5a4f4765N6fe052d1.jpg', 'available': 1, 'pin': '', 'dealt': 0, 'imgTitle': '', 'isMain': 0, 'jShow': 0}, {'id': 489279575, 'associateId': 310631952, 'productId': 0, 'imgUrl': '//img30.360buyimg.com/n0/s128x96_jfs/t15532/359/1316196677/103137/6eba38f9/5a4f4743N82d57c95.jpg', 'available': 1, 'pin': '', 'dealt': 0, 'imgTitle': '', 'isMain': 0, 'jShow': 0}, {'id': 489279576, 'associateId': 310631952, 'productId': 0, 'imgUrl': '//img30.360buyimg.com/n0/s128x96_jfs/t15880/273/1276343587/70849/d2c14826/5a4f4766N27b0a399.jpg', 'available': 1, 'pin': '', 'dealt': 0, 'imgTitle': '', 'isMain': 0, 'jShow': 0}]",-20,True,False,False,2,,j***龙,0,0,G300新品首发预售,[],,True,5535583,jfs/t19159/323/2295059329/242947/4a7a4ac5/5af035f0N498794c1.jpg,360行车记录仪 G300 迷你隐藏 高清夜视 无线测速电子狗一体 +16g卡组套产品,2018-01-04 10:27:16,Product,0,[],9,9,5,6740,"{'id': 310631952, 'guid': '7993858d-0d41-4710-9ad7-3e201eb8eeae', 'content': '刚到货，还没用，看着还行。等安装使用后在追加评价吧', 'creationTime': '2018-01-05 17:37:42', 'isTop': False, 'referenceId': '5535583', 'referenceType': 'Order', 'referenceTypeId': 0, 'firstCategory': 0, 'secondCategory': 0, 'thirdCategory': 0, 'replyCount': 0, 'replyCount2': 0, 'score': 0, 'status': 1, 'usefulVoteCount': 0, 'uselessVoteCount': 0, 'userProvince': '', 'viewCount': 0, 'orderId': 0, 'isReplyGrade': False, 'userClient': 4, 'isDeal': 1, 'integral': -20, 'userImgFlag': 0, 'anonymousFlag': 1, 'mobileVersion': '', 'recommend': False, 'userLevelColor': '#666666', 'userClientShow': '来自京东Android客户端', 'isMobile': True}",1,6964,,0,17,0,4,来自京东Android客户端,storage.360buyimg.com/i.imageUpload/6a645f3538383338333566306337333631353031363437333933333436_sma.jpg,storage.360buyimg.com/i.imageUpload/6a645f3538383338333566306337333631353031363437333933333436_sma.jpg,1,#666666,61,银牌会员,,,0
5,0,,,,1,当天下单第二天就送到了，包装很好有比较高级的既视感，收到货后第一时间进行了安装，其实特别好安装，如果你不是强迫症非要走暗线，其实从脚垫下穿过再从车门密封胶条里走线依然很完美也简单。效果就不多说了一如既往的好，对得起这个价位。,2017-12-01 10:31:49,2,294464300,6728,5b9dd0ce-5c3b-42d1-ad13-938e1dc5d532,11030703331,4,"[{'id': 464531528, 'associateId': 294464300, 'productId': 0, 'imgUrl': '//img30.360buyimg.com/n0/s128x96_jfs/t12538/347/1493616285/121365/165b2248/5a20bf13N089d539f.jpg', 'available': 1, 'pin': '', 'dealt': 0, 'imgTitle': '', 'isMain': 0, 'jShow': 0}, {'id': 464531529, 'associateId': 294464300, 'productId': 0, 'imgUrl': '//img30.360buyimg.com/n0/s128x96_jfs/t12283/177/1446514858/128255/b182e22c/5a20bf14Nda43abbd.jpg', 'available': 1, 'pin': '', 'dealt': 0, 'imgTitle': '', 'isMain': 0, 'jShow': 0}, {'id': 464531530, 'associateId': 294464300, 'productId': 0, 'imgUrl': '//img30.360buyimg.com/n0/s128x96_jfs/t14176/325/1496691312/59213/32493ae/5a20bf14N1578e517.jpg', 'available': 1, 'pin': '', 'dealt': 0, 'imgTitle': '', 'isMain': 0, 'jShow': 0}, {'id': 464538011, 'associateId': 294464300, 'productId': 0, 'imgUrl': '//img30.360buyimg.com/n0/s128x96_jfs/t14182/332/1458775043/74923/efcaaf07/5a20bf15N72f3f385.jpg', 'available': 1, 'pin': '', 'dealt': 0, 'imgTitle': '', 'isMain': 0, 'jShow': 0}]",-20,True,False,False,2,,j***鱼,0,103,G300新品首发预售,[],,True,5535583,jfs/t19159/323/2295059329/242947/4a7a4ac5/5af035f0N498794c1.jpg,360行车记录仪 G300 迷你隐藏 高清夜视 无线测速电子狗一体 +16g卡组套产品,2017-11-29 17:13:54,Product,0,[],4,0,5,6740,"{'id': 294464300, 'guid': 'ff71e73b-3ccd-4429-b89b-fc727aead35a', 'content': '当天下单第二天就送到了，包装很好有比较高级的既视感，收到货后第一时间进行了安装，其实特别好安装，如果你不是强迫症非要走暗线，其实从脚垫下穿过再从车门密封胶条里走线依然很完美也简单。效果就不多说了一如既往的好，对得起这个价位。', 'creationTime': '2017-12-01 10:31:50', 'isTop': False, 'referenceId': '5535583', 'referenceType': 'Order', 'referenceTypeId': 0, 'firstCategory': 0, 'secondCategory': 0, 'thirdCategory': 0, 'replyCount': 0, 'replyCount2': 0, 'score': 0, 'status': 1, 'usefulVoteCount': 0, 'uselessVoteCount': 0, 'userProvince': '', 'viewCount': 0, 'orderId': 0, 'isReplyGrade': False, 'userClient': 4, 'isDeal': 1, 'integral': -20, 'userImgFlag': 0, 'anonymousFlag': 1, 'mobileVersion': '', 'recommend': False, 'userLevelColor': '#666666', 'userClientShow': '来自京东Android客户端', 'isMobile': True}",1,6964,,0,24,0,4,来自京东Android客户端,misc.360buyimg.com/user/myjd-2015/css/i/peisong.jpg,misc.360buyimg.com/user/myjd-2015/css/i/peisong.jpg,0,#666666,62,金牌会员,,"[{'id': 464512103, 'associateId': 294464300, 'productId': 5535583, 'videoTitle': '', 'yn': 0, 'dealt': 0, 'isMain': 0, 'videoLength': 5, 'pin': '', 'videoUrl': '2584558', 'mainUrl': 'http://1251412368.vod2.myqcloud.com/vodtransgzp1251412368/4564972818547953617/coverBySnapshot/1512095305_1258834715.100_0.jpg', 'available': 1, 'videoWidth': 1080, 'videoHeight': 1920, 'jShow': 0}]",0
6,0,,,,1,不错，很满意，随时中间出现了小插曲，但是京东很快就解决了，棒棒哒,2018-04-14 22:59:21,2,351954594,6728,a1f02a93-fafd-44a5-b0ed-d80b79a017e6,11398414691,7,"[{'id': 551990141, 'associateId': 351954594, 'productId': 0, 'imgUrl': '//img30.360buyimg.com/n0/s128x96_jfs/t17605/268/1596560671/38526/b83f4ea8/5ad21746N054de08c.jpg', 'available': 1, 'pin': '', 'dealt': 0, 'imgTitle': '', 'isMain': 0, 'jShow': 0}, {'id': 551990142, 'associateId': 351954594, 'productId': 0, 'imgUrl': '//img30.360buyimg.com/n0/s128x96_jfs/t18190/55/1639294650/38054/c354d605/5ad21747Nb221c31d.jpg', 'available': 1, 'pin': '', 'dealt': 0, 'imgTitle': '', 'isMain': 0, 'jShow': 0}, {'id': 551990143, 'associateId': 351954594, 'productId': 0, 'imgUrl': '//img30.360buyimg.com/n0/s128x96_jfs/t18487/140/1651980341/43227/112cb26f/5ad21747Na929537f.jpg', 'available': 1, 'pin': '', 'dealt': 0, 'imgTitle': '', 'isMain': 0, 'jShow': 0}, {'id': 551990144, 'associateId': 351954594, 'productId': 0, 'imgUrl': '//img30.360buyimg.com/n0/s128x96_jfs/t17734/141/1653410349/52864/e3fa7d9c/5ad21748N910e5e1b.jpg', 'available': 1, 'pin': '', 'dealt': 0, 'imgTitle': '', 'isMain': 0, 'jShow': 0}, {'id': 551990145, 'associateId': 351954594, 'productId': 0, 'imgUrl': '//img30.360buyimg.com/n0/s128x96_jfs/t18700/350/1613466830/54052/d35e1d9b/5ad21748N234733a4.jpg', 'available': 1, 'pin': '', 'dealt': 0, 'imgTitle': '', 'isMain': 0, 'jShow': 0}, {'id': 551990146, 'associateId': 351954594, 'productId': 0, 'imgUrl': '//img30.360buyimg.com/n0/s128x96_jfs/t17677/73/1627845805/42068/8d823c61/5ad21749N82c30009.jpg', 'available': 1, 'pin': '', 'dealt': 0, 'imgTitle': '', 'isMain': 0, 'jShow': 0}, {'id': 551990147, 'associateId': 351954594, 'productId': 0, 'imgUrl': '//img30.360buyimg.com/n0/s128x96_jfs/t17716/243/1593996794/31386/d3c788e4/5ad21749Nbfa8f704.jpg', 'available': 1, 'pin': '', 'dealt': 0, 'imgTitle': '', 'isMain': 0, 'jShow': 0}]",-20,True,False,False,2,6.6.7,t***瑞,0,0,标准版,[],,True,5535583,jfs/t19159/323/2295059329/242947/4a7a4ac5/5af035f0N498794c1.jpg,360行车记录仪 G300 迷你隐藏 高清夜视 无线测速电子狗一体 +16g卡组套产品,2018-04-12 16:23:21,Product,0,,0,0,5,6740,"{'id': 351954594, 'guid': '71bb19ab-8cb5-4423-908f-782a722ceb03', 'content': '不错，很满意，随时中间出现了小插曲，但是京东很快就解决了，棒棒哒', 'creationTime': '2018-04-14 22:59:21', 'isTop': False, 'referenceId': '5535583', 'referenceType': 'Order', 'referenceTypeId': 0, 'firstCategory': 0, 'secondCategory': 0, 'thirdCategory': 0, 'replyCount': 0, 'replyCount2': 0, 'score': 0, 'status': 1, 'usefulVoteCount': 0, 'uselessVoteCount': 0, 'userProvince': '', 'viewCount': 0, 'orderId': 0, 'isReplyGrade': False, 'userClient': 4, 'isDeal': 1, 'integral': -20, 'userImgFlag': 0, 'anonymousFlag': 1, 'mobileVersion': '', 'recommend': False, 'userLevelColor': '#666666', 'userClientShow': '来自京东Android客户端', 'isMobile': True}",1,6964,,0,3,0,4,来自京东Android客户端,storage.360buyimg.com/i.imageUpload/746f6e797275697275695f6d31333838333938303930353133_sma.jpg,storage.360buyimg.com/i.imageUpload/746f6e797275697275695f6d31333838333938303930353133_sma.jpg,1,#666666,105,钻石会员,,"[{'id': 551983218, 'associateId': 351954594, 'productId': 5535583, 'videoTitle': '', 'yn': 0, 'dealt': 0, 'isMain': 0, 'videoLength': 10, 'pin': '', 'videoUrl': '6715195', 'mainUrl': 'http://1251412368.vod2.myqcloud.com/vodtransgzp1251412368/7447398155500029424/1523717932_1095982709.100_0.jpg', 'available': 1, 'videoWidth': 1280, 'videoHeight': 724, 'jShow': 0}]",0
7,2,,"{'tableNames': {}, 'forceRead2Writer': False, 'id': 20531165, 'productId': 5535583, 'orderId': 0, 'commentId': 10962231665, 'status': 1, 'pin': '', 'clientType': 4, 'ip': '', 'anonymous': 1, 'dealt': 0, 'created': '2017-11-13 15:43:10', 'modified': '2017-11-13 15:43:10', 'hAfterUserComment': {'rowKey': '6220531165', 'id': 20531165, 'content': '京东的服务很不错，双11抢购，物流速度很快，360新款记录仪，摄像头很清晰，夜晚效果还没有测量，希望很不错，以前用过3601代效果还可以，希望晚上，也可以看清车牌', 'discussionId': 283544008}}",,1,看着还不错，挺清晰，毕竟首发抢到的，希望用着不错。wifi很方便。,2017-11-13 10:31:10,2,283206907,6728,5bf20fc2-aef7-4a3a-8fcb-69eb22b611e6,10962231665,5,"[{'id': 446961152, 'associateId': 283206907, 'productId': 0, 'imgUrl': '//img30.360buyimg.com/n0/s128x96_jfs/t13858/198/333711952/224780/37eca843/5a0903cfN9eddb31d.jpg', 'available': 1, 'pin': '', 'dealt': 0, 'imgTitle': '', 'isMain': 0, 'jShow': 0}, {'id': 446961153, 'associateId': 283206907, 'productId': 0, 'imgUrl': '//img30.360buyimg.com/n0/s128x96_jfs/t12052/102/312896014/249037/ca2f1b19/5a0903dcNb5b9ba9c.jpg', 'available': 1, 'pin': '', 'dealt': 0, 'imgTitle': '', 'isMain': 0, 'jShow': 0}, {'id': 446961154, 'associateId': 283206907, 'productId': 0, 'imgUrl': '//img30.360buyimg.com/n0/s128x96_jfs/t11659/36/1756821902/156702/541ec84e/5a0903c5N1a46f86c.jpg', 'available': 1, 'pin': '', 'dealt': 0, 'imgTitle': '', 'isMain': 0, 'jShow': 0}, {'id': 446961155, 'associateId': 283206907, 'productId': 0, 'imgUrl': '//img30.360buyimg.com/n0/s128x96_jfs/t13147/232/325950278/200003/13a65f1d/5a0903e7Nd6106a7c.jpg', 'available': 1, 'pin': '', 'dealt': 0, 'imgTitle': '', 'isMain': 0, 'jShow': 0}, {'id': 446961156, 'associateId': 283206907, 'productId': 0, 'imgUrl': '//img30.360buyimg.com/n0/s128x96_jfs/t12205/161/331949759/156385/dfa4a172/5a0903eeNbc0da13b.jpg', 'available': 1, 'pin': '', 'dealt': 0, 'imgTitle': '', 'isMain': 0, 'jShow': 0}]",-20,True,False,False,2,,j***6,0,201,G300新品首发预售,[],,True,5535583,jfs/t19159/323/2295059329/242947/4a7a4ac5/5af035f0N498794c1.jpg,360行车记录仪 G300 迷你隐藏 高清夜视 无线测速电子狗一体 +16g卡组套产品,2017-11-11 10:00:21,Product,0,[],4,0,5,6740,"{'id': 283206907, 'guid': '56975f64-9e25-45e8-aa04-8fb4fd0205f6', 'content': '看着还不错，挺清晰，毕竟首发抢到的，希望用着不错。wifi很方便。', 'creationTime': '2017-11-13 10:31:10', 'isTop': False, 'referenceId': '5535583', 'referenceType': 'Order', 'referenceTypeId': 0, 'firstCategory': 0, 'secondCategory': 0, 'thirdCategory': 0, 'replyCount': 0, 'replyCount2': 0, 'score': 0, 'status': 1, 'usefulVoteCount': 0, 'uselessVoteCount': 0, 'userProvince': '', 'viewCount': 0, 'orderId': 0, 'isReplyGrade': False, 'userClient': 4, 'isDeal': 1, 'integral': -20, 'userImgFlag': 0, 'anonymousFlag': 1, 'mobileVersion': '', 'recommend': False, 'userLevelColor': '#666666', 'userClientShow': '来自京东Android客户端', 'isMobile': True}",1,6964,,0,22,0,4,来自京东Android客户端,storage.360buyimg.com/i.imageUpload/b9dab3ac3836363831343032373936343338323739_sma.jpg,storage.360buyimg.com/i.imageUpload/b9dab3ac3836363831343032373936343338323739_sma.jpg,1,#e1a10a,105,PLUS会员,,"[{'id': 446970373, 'associateId': 283206907, 'productId': 5535583, 'videoTitle': '', 'yn': 0, 'dealt': 0, 'isMain': 0, 'videoLength': 10, 'pin': '', 'videoUrl': '1946647', 'mainUrl': 'http://1251412368.vod2.myqcloud.com/vodtransgzp1251412368/9031868223645784726/coverBySnapshot/1510540267_1199894560.100_0.jpg', 'available': 1, 'videoWidth': 1080, 'videoHeight': 1920, 'jShow': 0}]",0
8,17,"[{'id': 448128300, 'associateId': 283947400, 'productId': 0, 'imgUrl': '//img30.360buyimg.com/n0/s128x96_jfs/t12808/27/344735496/262023/f74f5937/5a099739N76a95ded.jpg', 'available': 1, 'pin': '', 'dealt': 0, 'imgTitle': '', 'isMain': 0, 'jShow': 0}, {'id': 448128301, 'associateId': 283947400, 'productId': 0, 'imgUrl': '//img30.360buyimg.com/n0/s128x96_jfs/t11917/53/1811153189/235499/3c8038ae/5a09973bNb643d3fc.jpg', 'available': 1, 'pin': '', 'dealt': 0, 'imgTitle': '', 'isMain': 0, 'jShow': 0}, {'id': 448128302, 'associateId': 283947400, 'productId': 0, 'imgUrl': '//img30.360buyimg.com/n0/s128x96_jfs/t13744/17/348482467/233137/89d4b144/5a09973cNb9b506c7.jpg', 'available': 1, 'pin': '', 'dealt': 0, 'imgTitle': '', 'isMain': 0, 'jShow': 0}, {'id': 448128303, 'associateId': 283947400, 'productId': 0, 'imgUrl': '//img30.360buyimg.com/n0/s128x96_jfs/t12919/33/366486310/112771/1b6bed00/5a09973dN05ecb275.jpg', 'available': 1, 'pin': '', 'dealt': 0, 'imgTitle': '', 'isMain': 0, 'jShow': 0}]","{'tableNames': {}, 'forceRead2Writer': False, 'id': 20561867, 'productId': 5535583, 'orderId': 0, 'commentId': 10965682226, 'status': 1, 'pin': '', 'clientType': 4, 'ip': '', 'anonymous': 1, 'dealt': 0, 'created': '2017-11-13 20:59:41', 'modified': '2017-11-13 20:59:41', 'hAfterUserComment': {'rowKey': '7720561867', 'id': 20561867, 'content': '买车到现在一直没有行车记录仪，京东上搜索了很久，发现360的牌子不错，本来想买美猴王的，但发现价格贵了。犹豫了几天，发现360新出了这款，感觉很不错。果断下单。', 'discussionId': 283947400}}","[{'id': 448114139, 'associateId': 283947400, 'productId': 5535583, 'videoTitle': '', 'yn': 0, 'dealt': 0, 'isMain': 0, 'videoLength': 10, 'pin': '', 'videoUrl': '1985940', 'mainUrl': 'http://1251412368.vod2.myqcloud.com/vodtransgzp1251412368/9031868223649461216/coverBySnapshot/1510577978_1126737052.100_0.jpg', 'available': 1, 'videoWidth': 1920, 'videoHeight': 1086, 'jShow': 0}]",1,感觉挺不错的 比那款飞利浦清晰靠谱的多。前方车牌号都很清晰。360不错。,2017-11-13 20:32:00,17,283917442,6728,9306b455-889d-4440-89f4-4b31a8a03325,10965682226,2,"[{'id': 448067321, 'associateId': 283917442, 'productId': 0, 'imgUrl': '//img30.360buyimg.com/n0/s128x96_jfs/t12703/349/354167511/125066/ba9714be/5a0990baN2b38c26b.jpg', 'available': 1, 'pin': '', 'dealt': 0, 'imgTitle': '', 'isMain': 0, 'jShow': 0}, {'id': 448067322, 'associateId': 283917442, 'productId': 0, 'imgUrl': '//img30.360buyimg.com/n0/s128x96_jfs/t11050/178/1813882668/108564/5ed655ac/5a0990c0N6461dfbb.jpg', 'available': 1, 'pin': '', 'dealt': 0, 'imgTitle': '', 'isMain': 0, 'jShow': 0}]",-20,True,False,False,0,,祚***中,0,201,G300新品首发预售,[],,True,5535583,jfs/t19159/323/2295059329/242947/4a7a4ac5/5af035f0N498794c1.jpg,360行车记录仪 G300 迷你隐藏 高清夜视 无线测速电子狗一体 +16g卡组套产品,2017-10-27 20:11:09,Product,0,[],17,17,5,6740,"{'id': 283917442, 'guid': '1fe2071f-327b-407a-8ea8-787812d6b08e', 'content': '感觉挺不错的 比那款飞利浦清晰靠谱的多。前方车牌号都很清晰。360不错。', 'creationTime': '2017-11-13 20:32:00', 'isTop': False, 'referenceId': '5535583', 'referenceType': 'Order', 'referenceTypeId': 0, 'firstCategory': 0, 'secondCategory': 0, 'thirdCategory': 0, 'replyCount': 0, 'replyCount2': 0, 'score': 0, 'status': 1, 'usefulVoteCount': 0, 'uselessVoteCount': 0, 'userProvince': '', 'viewCount': 0, 'orderId': 0, 'isReplyGrade': False, 'userClient': 4, 'isDeal': 1, 'integral': -20, 'userImgFlag': 0, 'anonymousFlag': 1, 'mobileVersion': '', 'recommend': False, 'userLevelColor': '#666666', 'userClientShow': '来自京东Android客户端', 'isMobile': True}",1,6964,,0,31,0,4,来自京东Android客户端,storage.360buyimg.com/i.imageUpload/d2bbd2b6bbadd4b431353130303331313739383534_sma.jpg,storage.360buyimg.com/i.imageUpload/d2bbd2b6bbadd4b431353130303331313739383534_sma.jpg,1,#e1a10a,105,PLUS会员,,"[{'id': 448032238, 'associateId': 283917442, 'productId': 5535583, 'videoTitle': '', 'yn': 0, 'dealt': 0, 'isMain': 0, 'videoLength': 4, 'pin': '', 'videoUrl': '1983824', 'mainUrl': 'http://1251412368.vod2.myqcloud.com/vodtransgzp1251412368/9031868223649117969/coverBySnapshot/1510576263_3333884891.100_0.jpg', 'available': 1, 'videoWidth': 1920, 'videoHeight': 1080, 'jShow': 0}]",0
9,12,"[{'id': 447657956, 'associateId': 283654617, 'productId': 0, 'imgUrl': '//img30.360buyimg.com/n0/s128x96_jfs/t13300/99/347291523/66660/cc3a58da/5a096584N6fb83ee1.jpg', 'available': 1, 'pin': '', 'dealt': 0, 'imgTitle': '', 'isMain': 0, 'jShow': 0}, {'id': 447657957, 'associateId': 283654617, 'productId': 0, 'imgUrl': '//img30.360buyimg.com/n0/s128x96_jfs/t13261/190/355014080/63954/98072776/5a096585N3f0fa273.jpg', 'available': 1, 'pin': '', 'dealt': 0, 'imgTitle': '', 'isMain': 0, 'jShow': 0}, {'id': 447657958, 'associateId': 283654617, 'productId': 0, 'imgUrl': '//img30.360buyimg.com/n0/s128x96_jfs/t11071/293/1778984264/106690/376d5c80/5a096585N7c2fc1d3.jpg', 'available': 1, 'pin': '', 'dealt': 0, 'imgTitle': '', 'isMain': 0, 'jShow': 0}]","{'tableNames': {}, 'forceRead2Writer': False, 'id': 20541069, 'productId': 5535583, 'orderId': 0, 'commentId': 10959808810, 'status': 1, 'pin': '', 'clientType': 4, 'ip': '', 'anonymous': 1, 'dealt': 0, 'created': '2017-11-13 17:27:34', 'modified': '2017-11-13 17:27:34', 'hAfterUserComment': {'rowKey': '6220541069', 'id': 20541069, 'content': '按到最中间了，后视镜后面的网点太大了，没法安装，先用纸巾粘点水把玻璃搽一下，别搽太干，粘静电贴，在粘机子，粘时用打火机撩一下胶面，这样能牢点，A柱内板撬开，从胶条哪里从上到下撬，塞线从手套箱内侧穿线，记得先把手套箱拆下来，我的是欧蓝德，没法完全卸下来，不过也够走线了，很完美', 'discussionId': 283654617}}","[{'id': 447657583, 'associateId': 283654617, 'productId': 5535583, 'videoTitle': '', 'yn': 0, 'dealt': 0, 'isMain': 0, 'videoLength': 8, 'pin': '', 'videoUrl': '1969342', 'mainUrl': 'http://1251412368.vod2.myqcloud.com/vodtransgzp1251412368/9031868223647604897/coverBySnapshot/1510564785_4018612260.100_0.jpg', 'available': 1, 'videoWidth': 1088, 'videoHeight': 1920, 'jShow': 0}]",1,刚才收到，开始走线安装，有些纠结，不知道装哪里，后视镜后面是一大片雨量感应的网状小点，镜头只能上下调节，不能左右摆，安中间感觉没有上面好看，纠结啊，在研究一会,2017-11-12 20:18:43,11,282792175,6728,a75aa029-4532-4156-9353-420296142733,10959808810,0,[],-20,True,False,False,0,,T***a,0,0,G300新品首发预售,[],,True,5535583,jfs/t19159/323/2295059329/242947/4a7a4ac5/5af035f0N498794c1.jpg,360行车记录仪 G300 迷你隐藏 高清夜视 无线测速电子狗一体 +16g卡组套产品,2017-11-01 23:29:05,Product,0,[],24,0,5,6740,"{'id': 282792175, 'guid': 'e4efbcb4-16aa-42d1-ae36-0cd12d925157', 'content': '刚才收到，开始走线安装，有些纠结，不知道装哪里，后视镜后面是一大片雨量感应的网状小点，镜头只能上下调节，不能左右摆，安中间感觉没有上面好看，纠结啊，在研究一会', 'creationTime': '2017-11-12 20:18:43', 'isTop': False, 'referenceId': '5535583', 'referenceType': 'Order', 'referenceTypeId': 0, 'firstCategory': 0, 'secondCategory': 0, 'thirdCategory': 0, 'replyCount': 0, 'replyCount2': 0, 'score': 0, 'status': 1, 'usefulVoteCount': 0, 'uselessVoteCount': 0, 'userProvince': '', 'viewCount': 0, 'orderId': 0, 'isReplyGrade': False, 'userClient': 4, 'isDeal': 1, 'integral': -20, 'userImgFlag': 0, 'anonymousFlag': 1, 'mobileVersion': '', 'recommend': False, 'userLevelColor': '#666666', 'userClientShow': '来自京东Android客户端', 'isMobile': True}",1,6964,,0,85,0,4,来自京东Android客户端,misc.360buyimg.com/user/myjd-2015/css/i/peisong.jpg,misc.360buyimg.com/user/myjd-2015/css/i/peisong.jpg,0,#666666,61,银牌会员,,"[{'id': 446314931, 'associateId': 282792175, 'productId': 5535583, 'videoTitle': '', 'yn': 0, 'dealt': 0, 'isMain': 0, 'videoLength': 8, 'pin': '', 'videoUrl': '1926856', 'mainUrl': 'http://1251412368.vod2.myqcloud.com/vodtransgzp1251412368/9031868223642727521/coverBySnapshot/1510488792_1198119737.100_0.jpg', 'available': 1, 'videoWidth': 1920, 'videoHeight': 1080, 'jShow': 0}]",0
