,itemid,itemUrl,title,itemDetail,price,goodRate,commentCount
0,5535583,https://item.jd.com/5535583.html,360行车记录仪G300迷你隐藏高清夜视无线测速电子狗一体黑灰色,商品名称：360G300;商品编号：5535583;商品毛重：290.00g;商品产地：中国大陆;操作方式：按键;屏幕尺寸：2.0英寸;拍摄角度：120°-149°;功能：夜视加强，停车监控，电子狗，WIFI，GPS;分辨率：1080p;安装方式：通用单镜头,329.00,0.98,15万+
1,8035395,https://item.jd.com/8035395.html,360行车记录仪G300P远程监控行车轨迹迷你隐藏高清夜视无线测速电子狗一体含16G存储卡,商品名称：360G300P;商品编号：8035395;商品毛重：260.00g;商品产地：中国大陆;操作方式：APP操作;屏幕尺寸：2.0英寸;拍摄角度：120°-149°;功能：夜视加强，停车监控，电子狗，WIFI，GPS;分辨率：1080p;安装方式：通用单镜头,449.00,0.99,11万+
2,7131530,https://item.jd.com/7131530.html,360行车记录仪G300迷你隐藏高清夜视无线测速电子狗一体+32g卡组套产品,商品名称：360G300;商品编号：7131530;商品毛重：290.00g;商品产地：中国大陆;拍摄角度：120°-149°;操作方式：按键;屏幕尺寸：2.0英寸;分辨率：1080p;功能：夜视加强，停车监控，电子狗，WIFI，GPS;款式：迷你隐藏;安装方式：通用单镜头,379.00,0.98,15万+
3,7176918,https://item.jd.com/7176918.html,360行车记录仪G300迷你隐藏高清夜视无线测速电子狗一体+16g卡组套产品,商品名称：360G300;商品编号：7176918;商品毛重：290.00g;商品产地：中国大陆;拍摄角度：120°-149°;操作方式：按键;屏幕尺寸：2.0英寸;分辨率：1080p;功能：夜视加强，停车监控，电子狗，WIFI，GPS;款式：迷你隐藏;安装方式：通用单镜头,359.00,0.98,15万+
4,7897905,https://item.jd.com/7897905.html,小米（MI）小米米家后视镜行车记录仪,商品名称：小米小米米家后视镜行车记录仪;商品编号：7897905;商品毛重：0.57kg;商品产地：中国大陆;操作方式：触屏;屏幕尺寸：5英寸;拍摄角度：90°-119°;分辨率：1080p;安装方式：通用单镜头,389.00,0.99,3300+
5,8246803,https://item.jd.com/8246803.html,小米（MI）小米米家后视镜行车记录仪+16g卡组套产品,商品名称：小米小米米家后视镜行车记录仪;商品编号：8246803;商品毛重：0.57kg;商品产地：中国大陆;操作方式：触屏;屏幕尺寸：5英寸;拍摄角度：90°-119°;分辨率：1080p;安装方式：通用单镜头,419.00,0.99,3300+
6,8033080,https://item.jd.com/8033080.html,小米（MI）小米米家后视镜行车记录仪+32g卡组套产品,商品名称：小米小米米家后视镜行车记录仪;商品编号：8033080;商品毛重：0.57kg;商品产地：中国大陆;操作方式：触屏;屏幕尺寸：5英寸;拍摄角度：90°-119°;分辨率：1080p;安装方式：通用单镜头,439.00,0.99,3300+
7,8035688,https://item.jd.com/8035688.html,小米（MI）小米米家后视镜行车记录仪+后拉摄像头+16G存储卡组套产品,商品名称：小米小米米家后视镜行车记录仪;商品编号：8035688;商品毛重：0.57kg;商品产地：中国大陆;操作方式：触屏;屏幕尺寸：5英寸;拍摄角度：90°-119°;分辨率：1080p;安装方式：通用单镜头,509.00,0.99,3300+
8,8035166,https://item.jd.com/8035166.html,小米（MI）小米米家后视镜行车记录仪+后拉摄像头+32g卡组套产品,商品名称：小米小米米家后视镜行车记录仪;商品编号：8035166;商品毛重：0.57kg;商品产地：中国大陆;操作方式：触屏;屏幕尺寸：5英寸;拍摄角度：90°-119°;分辨率：1080p;安装方式：通用单镜头,529.00,0.99,3300+
9,3527967,https://item.jd.com/3527967.html,360行车记录仪尊享升级版J501C安霸A12高清夜视WIFI连接智能管理机卡套装黑色,商品名称：360J501C;商品编号：3527967;商品毛重：275.00g;商品产地：中国大陆;拍摄角度：120°-149°;操作方式：按键;屏幕尺寸：2.0英寸;分辨率：1080p;功能：夜视加强，停车监控，WIFI;款式：卡片机;安装方式：通用单镜头,299.00,0.98,17万+
10,3527891,https://item.jd.com/3527891.html,360行车记录仪标准升级版J501C安霸A12高清夜视WIFI连接智能管理黑色,商品名称：360J501C;商品编号：3527891;商品毛重：290.00g;商品产地：中国大陆;拍摄角度：120°-149°;操作方式：按键;屏幕尺寸：2.0英寸;分辨率：1080p;功能：夜视加强，停车监控，WIFI;款式：卡片机;安装方式：通用单镜头,299.00,0.98,17万+
11,7188740,https://item.jd.com/7188740.html,360行车记录仪标准升级版J501C安霸A12高清夜视WIFI连接智能管理+32g卡,商品名称：360J501C;商品编号：7188740;商品毛重：290.00g;商品产地：中国大陆;拍摄角度：120°-149°;操作方式：按键;屏幕尺寸：2.0英寸;分辨率：1080p;功能：夜视加强，停车监控，WIFI;款式：卡片机;安装方式：通用单镜头,319.00,0.97,3万+
12,8247774,https://item.jd.com/8247774.html,70迈行车记录仪智能语音声控后视镜停监控前后高清双录夜视导航测速一体机青春版,商品名称：70迈Midrive M02;商品编号：8247774;商品毛重：0.655kg;商品产地：中国大陆;拍摄角度：150°-169°;操作方式：触屏;屏幕尺寸：其它;分辨率：1080p;功能：语音交互，停车监控，前后双录，电子狗，WIFI，轨道偏离预警，倒车影像，GPS，上网，智能导航，胎压监测;款式：后视镜式;安装方式：通用单镜头,798.00,0.99,800+
13,8692389,https://item.jd.com/8692389.html,70迈行车记录仪智能语音声控后视镜停监控前后高清双录夜视导航测速一体机青春版+16G卡组套产品,商品名称：70迈Midrive M02;商品编号：8692389;商品毛重：0.655kg;商品产地：中国大陆;拍摄角度：150°-169°;操作方式：触屏;屏幕尺寸：其它;分辨率：1080p;功能：语音交互，停车监控，前后双录，电子狗，WIFI，轨道偏离预警，倒车影像，GPS，上网，智能导航，胎压监测;款式：后视镜式;安装方式：通用单镜头,818.00,0.99,800+
14,8479254,https://item.jd.com/8479254.html,70迈行车记录仪智能语音声控后视镜停监控前后高清双录夜视导航测速一体机青春版+32G卡组套产品,商品名称：70迈Midrive M02;商品编号：8479254;商品毛重：0.655kg;商品产地：中国大陆;拍摄角度：150°-169°;操作方式：触屏;屏幕尺寸：其它;分辨率：1080p;功能：语音交互，停车监控，前后双录，电子狗，WIFI，轨道偏离预警，倒车影像，GPS，上网，智能导航，胎压监测;款式：后视镜式;安装方式：通用单镜头,838.00,0.99,800+
15,8692391,https://item.jd.com/8692391.html,70迈行车记录仪智能语音声控后视镜停监控夜视导航测速一体机青春版+16G卡+后拉摄像头组套产品,商品名称：70迈Midrive M02;商品编号：8692391;商品毛重：0.655kg;商品产地：中国大陆;拍摄角度：150°-169°;操作方式：触屏;屏幕尺寸：其它;分辨率：1080p;功能：语音交互，停车监控，前后双录，电子狗，WIFI，轨道偏离预警，倒车影像，GPS，上网，智能导航，胎压监测;款式：后视镜式;安装方式：通用单镜头,908.00,0.99,800+
16,8692393,https://item.jd.com/8692393.html,70迈行车记录仪智能语音声控后视镜停监控夜视导航测速一体机青春版+32G卡+后拉摄像头组套产品,商品名称：70迈Midrive M02;商品编号：8692393;商品毛重：0.655kg;商品产地：中国大陆;拍摄角度：150°-169°;操作方式：触屏;屏幕尺寸：其它;分辨率：1080p;功能：语音交互，停车监控，前后双录，电子狗，WIFI，轨道偏离预警，倒车影像，GPS，上网，智能导航，胎压监测;款式：后视镜式;安装方式：通用单镜头,928.00,0.99,800+
17,6885554,https://item.jd.com/6885554.html,米家（MIJIA）小米米家智能后视镜ADAS驾驶辅助系统1080P高清行车记录仪,商品名称：米家智能后视镜;商品编号：6885554;商品毛重：0.708kg;商品产地：中国大陆;操作方式：触屏;屏幕尺寸：7英寸;分辨率：1080p;拍摄角度：150°-169°;款式：后视镜式;安装方式：通用单镜头,979.00,0.98,5600+
18,8035178,https://item.jd.com/8035178.html,米家（MIJIA）小米米家智能后视镜ADAS驾驶辅助系统1080P高清行车记录仪+后拉摄像头+16g卡组套产品,商品名称：米家智能后视镜;商品编号：8035178;商品毛重：0.708kg;商品产地：中国大陆;操作方式：触屏;屏幕尺寸：7英寸;分辨率：1080p;拍摄角度：150°-169°;款式：后视镜式;安装方式：通用单镜头,1097.00,0.98,5600+
19,8248755,https://item.jd.com/8248755.html,米家（MIJIA）小米米家智能后视镜ADAS驾驶辅助系统1080P高清行车记录仪+后拉摄像头+32g卡组套产品,商品名称：米家智能后视镜;商品编号：8248755;商品毛重：0.708kg;商品产地：中国大陆;操作方式：触屏;屏幕尺寸：7英寸;分辨率：1080p;拍摄角度：150°-169°;款式：后视镜式;安装方式：通用单镜头,1119.00,0.98,5600+
20,5830684,https://item.jd.com/5830684.html,捷渡（JADO）D860行车记录仪1296P高清夜视前后双录固定测速流媒体后视镜全面屏,商品名称：捷渡D860;商品编号：5830684;商品毛重：1.12kg;商品产地：中国大陆;拍摄角度：120°-149°;操作方式：触屏;屏幕尺寸：10英寸;分辨率：1296P;功能：夜视加强，停车监控，前后双录，电子狗，轨道偏离预警，倒车影像;款式：后视镜式;安装方式：通用双镜头,698.00,0.97,1.3万+
21,7088052,https://item.jd.com/7088052.html,捷渡（JADO）D800-GD智能流媒体后视镜行车记录仪高清夜视双镜头语音声控导航云电子狗一体机,商品名称：捷渡D800-GD;商品编号：7088052;商品毛重：0.974kg;商品产地：中国大陆;拍摄角度：90°-119°;操作方式：触屏;屏幕尺寸：10英寸;分辨率：1080p;功能：夜视加强，语音交互，前后双录，电子狗，WIFI，倒车影像，GPS，上网，智能导航;款式：后视镜式;安装方式：通用双镜头,1299.00,0.97,1.3万+
22,6188138,https://item.jd.com/6188138.html,捷渡（JADO）D820行车记录仪1080P高清夜视前后双录大广角流媒体后视镜全面屏,商品名称：捷渡D820;商品编号：6188138;商品毛重：1.104kg;商品产地：中国大陆;拍摄角度：120°-149°;操作方式：触屏;屏幕尺寸：10英寸;分辨率：1080p;功能：夜视加强，停车监控，前后双录，轨道偏离预警，倒车影像;款式：后视镜式;安装方式：通用双镜头,658.00,0.97,1.3万+
23,25877201583,https://item.jd.com/25877201583.html,凌度智能行车记录仪高清夜视前后双录停车监控倒车影像全景一体机导航仪带电子狗云镜4.3英寸触屏版+星光夜视+送32G卡（套餐一）,商品名称：凌度 智能行车记录仪高清夜视 前后双录 停车监控 倒车影像全景一体机 导航仪带电子狗云镜 4.3英寸触屏版+星光夜视+送32G卡（套餐一）;商品编号：25877201583;店铺： ;商品毛重：500.00g;货号：HS旗舰级;操作方式：触屏;屏幕尺寸：8英寸及以上;拍摄角度：170°及以上;功能：夜视加强，语音交互，停车监控，前后双录，电子狗，轨道偏离预警，倒车影像，GPS，上网，智能导航;分辨率：1080p;安装方式：通用双镜头,299.00,0.98,1.3万+
24,26003094879,https://item.jd.com/26003094879.html,凌度智能行车记录仪高清夜视前后双录停车监控倒车影像全景一体机导航仪带电子狗云镜4.3英寸触屏版+星光夜视+送16G卡（套餐二）,商品名称：凌度 智能行车记录仪高清夜视 前后双录 停车监控 倒车影像全景一体机 导航仪带电子狗云镜 4.3英寸触屏版+星光夜视+送16G卡（套餐二）;商品编号：26003094879;店铺： ;商品毛重：500.00g;货号：HS旗舰级;操作方式：触屏;屏幕尺寸：8英寸及以上;拍摄角度：170°及以上;功能：夜视加强，语音交互，停车监控，前后双录，电子狗，轨道偏离预警，倒车影像，GPS，上网，智能导航;分辨率：1080p;安装方式：通用双镜头,288.00,0.98,1.3万+
25,26003094880,https://item.jd.com/26003094880.html,凌度智能行车记录仪高清夜视前后双录停车监控倒车影像全景一体机导航仪带电子狗云镜4.3英寸监控版+星光夜视+送32G卡（套餐三）,商品名称：凌度 智能行车记录仪高清夜视 前后双录 停车监控 倒车影像全景一体机 导航仪带电子狗云镜 4.3英寸监控版+星光夜视+送32G卡（套餐三）;商品编号：26003094880;店铺： ;商品毛重：500.00g;货号：HS旗舰级;操作方式：触屏;屏幕尺寸：8英寸及以上;拍摄角度：170°及以上;功能：夜视加强，语音交互，停车监控，前后双录，电子狗，轨道偏离预警，倒车影像，GPS，上网，智能导航;分辨率：1080p;安装方式：通用双镜头,328.00,0.98,1.3万+
26,26003094881,https://item.jd.com/26003094881.html,凌度智能行车记录仪高清夜视前后双录停车监控倒车影像全景一体机导航仪带电子狗云镜5英寸触屏升级版+无光夜视+送16G卡（套餐四）,商品名称：凌度 智能行车记录仪高清夜视 前后双录 停车监控 倒车影像全景一体机 导航仪带电子狗云镜 5英寸触屏升级版+无光夜视+送16G卡（套餐四）;商品编号：26003094881;店铺： ;商品毛重：500.00g;货号：HS旗舰级;操作方式：触屏;屏幕尺寸：8英寸及以上;拍摄角度：170°及以上;功能：夜视加强，语音交互，停车监控，前后双录，电子狗，轨道偏离预警，倒车影像，GPS，上网，智能导航;分辨率：1080p;安装方式：通用双镜头,398.00,0.98,1.3万+
27,26003094882,https://item.jd.com/26003094882.html,凌度智能行车记录仪高清夜视前后双录停车监控倒车影像全景一体机导航仪带电子狗云镜5英寸触屏升级版+无光夜视+送32G卡（套餐五）,商品名称：凌度 智能行车记录仪高清夜视 前后双录 停车监控 倒车影像全景一体机 导航仪带电子狗云镜 5英寸触屏升级版+无光夜视+送32G卡（套餐五）;商品编号：26003094882;店铺： ;商品毛重：500.00g;货号：HS旗舰级;操作方式：触屏;屏幕尺寸：8英寸及以上;拍摄角度：170°及以上;功能：夜视加强，语音交互，停车监控，前后双录，电子狗，轨道偏离预警，倒车影像，GPS，上网，智能导航;分辨率：1080p;安装方式：通用双镜头,448.00,0.98,1.3万+
28,26003094883,https://item.jd.com/26003094883.html,凌度智能行车记录仪高清夜视前后双录停车监控倒车影像全景一体机导航仪带电子狗云镜8英寸导航云电子狗+语音声控+32G卡（套餐六）,商品名称：凌度 智能行车记录仪高清夜视 前后双录 停车监控 倒车影像全景一体机 导航仪带电子狗云镜 8英寸导航云电子狗+语音声控+32G卡（套餐六）;商品编号：26003094883;店铺： ;商品毛重：500.00g;货号：HS旗舰级;操作方式：触屏;屏幕尺寸：8英寸及以上;拍摄角度：170°及以上;功能：夜视加强，语音交互，停车监控，前后双录，电子狗，轨道偏离预警，倒车影像，GPS，上网，智能导航;分辨率：1080p;安装方式：通用双镜头,788.00,0.98,1.3万+
29,4508340,https://item.jd.com/4508340.html,米家（MIJIA）小米行车记录仪1080P高清夜视大广角wifi连接索尼图像传感器触摸按键,商品名称：米家米家行车记录仪;商品编号：4508340;商品毛重：366.00g;商品产地：中国大陆;拍摄角度：150°-169°;操作方式：按键;屏幕尺寸：3.0英寸;分辨率：1080p;功能：夜视加强;款式：卡片机;安装方式：通用单镜头,319.00,0.98,9.2万+
30,8248769,https://item.jd.com/8248769.html,米家（MIJIA）小米行车记录仪1080P高清夜视大广角wifi连接索尼图像传感器+16g卡组套产品,商品名称：米家米家行车记录仪;商品编号：8248769;商品毛重：366.00g;商品产地：中国大陆;拍摄角度：150°-169°;操作方式：按键;屏幕尺寸：3.0英寸;分辨率：1080p;功能：夜视加强;款式：卡片机;安装方式：通用单镜头,349.00,0.98,9.2万+
31,8035156,https://item.jd.com/8035156.html,米家（MIJIA）小米行车记录仪1080P高清夜视大广角wifi连接索尼图像传感器+32g卡组套产品,商品名称：米家米家行车记录仪;商品编号：8035156;商品毛重：366.00g;商品产地：中国大陆;拍摄角度：150°-169°;操作方式：按键;屏幕尺寸：3.0英寸;分辨率：1080p;功能：夜视加强;款式：卡片机;安装方式：通用单镜头,369.00,0.98,9.2万+
32,5757703,https://item.jd.com/5757703.html,盯盯拍mini3智能行车记录仪高清夜视1600P停车监控内置储存循环录制无线wifi智能管理16G版,商品名称：盯盯拍mini3;商品编号：5757703;商品毛重：480.00g;商品产地：中国大陆;货号：mini3 16G;拍摄角度：120°-149°;操作方式：APP操作;屏幕尺寸：无屏幕;分辨率：2K及以上;功能：夜视加强，停车监控，WIFI;款式：迷你隐藏;安装方式：通用单镜头,469.00,0.98,1.6万+
33,5757713,https://item.jd.com/5757713.html,盯盯拍mini3智能行车记录仪高清夜视1600P停车监控内置储存循环录制无线wifi智能管理32G版,商品名称：盯盯拍mini3;商品编号：5757713;商品毛重：480.00g;商品产地：中国大陆;货号：mini3 16G;拍摄角度：120°-149°;操作方式：按键;屏幕尺寸：无屏幕;分辨率：1600P;功能：夜视加强，停车监控，WIFI;款式：迷你隐藏;安装方式：通用单镜头,569.00,0.98,1.6万+
34,8228687,https://item.jd.com/8228687.html,盯盯拍mini3智能行车记录仪高清夜视1600P停车监控内置储存循环录制语音交互无线wifi智能管理64G版,商品名称：盯盯拍mini3;商品编号：8228687;商品毛重：348.00g;商品产地：中国大陆;货号：mini3 16G;拍摄角度：120°-149°;操作方式：APP操作;屏幕尺寸：无屏幕;分辨率：1600P;功能：夜视加强，语音交互，停车监控，WIFI;款式：迷你隐藏;安装方式：通用单镜头,699.00,0.98,1.6万+
35,8243783,https://item.jd.com/8243783.html,盯盯拍汽车隐藏式临时停车牌电话牌路边临时停车挪车号码卡牌汽车用品宝石蓝,商品名称：盯盯拍盯盯拍停车牌;商品编号：8243783;商品毛重：122.00g;商品产地：中国大陆;操作方式：触屏;屏幕尺寸：3.0英寸;拍摄角度：120°-149°;功能：夜视加强;分辨率：1080p;安装方式：通用单镜头,39.00,0.98,1.6万+
36,7491285,https://item.jd.com/7491285.html,360行车记录仪高清流媒体智能后视镜S800语音操控ADAS高级驾驶辅助停车监控行车轨迹云电子狗,商品名称：360S800;商品编号：7491285;商品毛重：1.22kg;商品产地：中国大陆;拍摄角度：120°-149°;操作方式：触屏;屏幕尺寸：8英寸及以上;分辨率：1080p;功能：夜视加强，语音交互，停车监控，前后双录，电子狗，WIFI，轨道偏离预警，倒车影像，GPS，上网，智能导航;款式：后视镜式;安装方式：通用双镜头,1399.00,0.97,2.4万+
37,5113055,https://item.jd.com/5113055.html,360行车记录仪智能后视镜导航云镜S650前后双录高清夜视倒车影像语音操控导航测速黑色,商品名称：360S650;商品编号：5113055;商品毛重：1.01kg;商品产地：中国大陆;拍摄角度：120°-149°;操作方式：触屏;屏幕尺寸：7英寸;分辨率：1080p;功能：夜视加强，语音交互，停车监控，前后双录，电子狗，WIFI，倒车影像，GPS，上网，智能导航;款式：后视镜式;安装方式：通用双镜头,759.00,0.97,2.4万+
38,7188732,https://item.jd.com/7188732.html,360行车记录仪智能后视镜导航云镜S650前后双录高清夜视倒车影像语音操控导航测速+专用摄像头+32g存储卡,商品名称：360S650;商品编号：7188732;商品毛重：1.01kg;商品产地：中国大陆;拍摄角度：120°-149°;操作方式：触屏;屏幕尺寸：7英寸;分辨率：1080p;功能：夜视加强，语音交互，停车监控，前后双录，电子狗，WIFI，倒车影像，GPS，上网，智能导航;款式：后视镜式;安装方式：通用双镜头,869.00,0.97,1.4万+
39,7188730,https://item.jd.com/7188730.html,360行车记录仪智能后视镜导航云镜S650前后双录高清夜视倒车影像语音操控导航测速+专用后摄像头+16g卡,商品名称：360S650;商品编号：7188730;商品毛重：1.01kg;商品产地：中国大陆;拍摄角度：120°-149°;操作方式：触屏;屏幕尺寸：7英寸;分辨率：1080p;功能：夜视加强，语音交互，停车监控，前后双录，电子狗，WIFI，倒车影像，GPS，上网，智能导航;款式：后视镜式;安装方式：通用双镜头,839.00,0.97,1.4万+
40,5530956,https://item.jd.com/5530956.html,360行车记录仪智能后视镜导航云镜S650前后双录高清夜视倒车影像语音操控导航测速带后置摄像头套装黑色,商品名称：360S650智能云镜+JP711后拉摄像头;商品编号：5530956;商品毛重：1.07kg;商品产地：中国大陆;拍摄角度：120°-149°;操作方式：触屏;屏幕尺寸：7英寸;分辨率：1080p;功能：夜视加强，语音交互，停车监控，前后双录，电子狗，WIFI，倒车影像，GPS，上网，智能导航;款式：后视镜式;安装方式：通用双镜头,897.00,0.97,2.2万+
41,5506762,https://item.jd.com/5506762.html,360行车记录仪智能后视镜S650专用倒车影像后拉摄像头JP711黑色,商品名称：360JP711;商品编号：5506762;商品毛重：160.00g;商品产地：中国大陆;拍摄角度：120°-149°;操作方式：触屏;屏幕尺寸：7英寸;分辨率：1080p;功能：夜视加强，语音交互，停车监控，前后双录，电子狗，WIFI，倒车影像，上网，智能导航;款式：后视镜式;安装方式：通用双镜头,138.00,0.97,2.4万+
42,10141187356,https://item.jd.com/10141187356.html,凌度智能行车记录仪高清夜视双镜头前后录像倒车影像一体机导航仪带电子狗后视云镜8英寸标准版+前后双录倒车影像+无卡(标准版),商品名称：凌度 智能行车记录仪高清夜视双镜头前后录像倒车影像一体机 导航仪带电子狗后视云镜 8英寸标准版+前后双录倒车影像+无卡(标准版);商品编号：10141187356;店铺： ;商品毛重：1.0kg;拍摄角度：170°及以上;操作方式：触屏;屏幕尺寸：8英寸及以上;分辨率：1080p;功能：夜视加强，语音交互，停车监控，前后双录，电子狗，倒车影像，GPS，上网，智能导航;款式：后视镜式;安装方式：通用双镜头,349.00,0.97,5.9万+
43,10141187357,https://item.jd.com/10141187357.html,凌度智能行车记录仪高清夜视双镜头前后录像倒车影像一体机导航仪带电子狗后视云镜8英寸按键版+前后双录倒车影像+32G(按键版),商品名称：凌度 智能行车记录仪高清夜视双镜头前后录像倒车影像一体机 导航仪带电子狗后视云镜 8英寸按键版+前后双录倒车影像+32G(按键版);商品编号：10141187357;店铺： ;商品毛重：1.0kg;拍摄角度：170°及以上;操作方式：触屏;屏幕尺寸：8英寸及以上;分辨率：1080p;功能：夜视加强，语音交互，停车监控，前后双录，电子狗，倒车影像，GPS，上网，智能导航;款式：后视镜式;安装方式：通用双镜头,359.00,0.97,5.9万+
44,10141187358,https://item.jd.com/10141187358.html,凌度智能行车记录仪高清夜视双镜头前后录像倒车影像一体机导航仪带电子狗后视云镜8英寸导航电子狗蓝牙+语音声控+16G(套餐三),商品名称：凌度 智能行车记录仪高清夜视双镜头前后录像倒车影像一体机 导航仪带电子狗后视云镜 8英寸导航电子狗蓝牙+语音声控+16G(套餐三);商品编号：10141187358;店铺： ;商品毛重：1.0kg;拍摄角度：170°及以上;操作方式：触屏;屏幕尺寸：8英寸及以上;分辨率：1080p;功能：夜视加强，语音交互，停车监控，前后双录，电子狗，倒车影像，GPS，上网，智能导航;款式：后视镜式;安装方式：通用双镜头,729.00,0.97,5.9万+
45,10141187359,https://item.jd.com/10141187359.html,凌度智能行车记录仪高清夜视双镜头前后录像倒车影像一体机导航仪带电子狗后视云镜8英寸导航电子狗蓝牙+语音声控+32G(套餐四),商品名称：凌度 智能行车记录仪高清夜视双镜头前后录像倒车影像一体机 导航仪带电子狗后视云镜 8英寸导航电子狗蓝牙+语音声控+32G(套餐四);商品编号：10141187359;店铺： ;商品毛重：1.0kg;拍摄角度：170°及以上;操作方式：触屏;屏幕尺寸：8英寸及以上;分辨率：1080p;功能：夜视加强，语音交互，停车监控，前后双录，电子狗，倒车影像，GPS，上网，智能导航;款式：后视镜式;安装方式：通用双镜头,749.00,0.97,5.9万+
46,10141187360,https://item.jd.com/10141187360.html,凌度智能行车记录仪高清夜视双镜头前后录像倒车影像一体机导航仪带电子狗后视云镜8英寸标准版+前后双录倒车影像+16G(套餐一),商品名称：凌度 智能行车记录仪高清夜视双镜头前后录像倒车影像一体机 导航仪带电子狗后视云镜 8英寸标准版+前后双录倒车影像+16G(套餐一);商品编号：10141187360;店铺： ;商品毛重：1.0kg;拍摄角度：170°及以上;操作方式：触屏;屏幕尺寸：8英寸及以上;分辨率：1080p;功能：夜视加强，语音交互，停车监控，前后双录，电子狗，倒车影像，GPS，上网，智能导航;款式：后视镜式;安装方式：通用双镜头,359.00,0.97,5.9万+
47,10141187361,https://item.jd.com/10141187361.html,凌度智能行车记录仪高清夜视双镜头前后录像倒车影像一体机导航仪带电子狗后视云镜8英寸标准版+前后双录倒车影像+32G(套餐二),商品名称：凌度 智能行车记录仪高清夜视双镜头前后录像倒车影像一体机 导航仪带电子狗后视云镜 8英寸标准版+前后双录倒车影像+32G(套餐二);商品编号：10141187361;店铺： ;商品毛重：1.0kg;拍摄角度：170°及以上;操作方式：触屏;屏幕尺寸：8英寸及以上;分辨率：1080p;功能：夜视加强，语音交互，停车监控，前后双录，电子狗，倒车影像，GPS，上网，智能导航;款式：后视镜式;安装方式：通用双镜头,369.00,0.97,5.9万+
48,10219402324,https://item.jd.com/10219402324.html,凌度智能行车记录仪高清夜视双镜头前后录像倒车影像一体机导航仪带电子狗后视云镜8英寸4G云镜版+导航微信蓝牙+16G(套餐五),商品名称：凌度 智能行车记录仪高清夜视双镜头前后录像倒车影像一体机 导航仪带电子狗后视云镜 8英寸4G云镜版+导航微信蓝牙+16G(套餐五);商品编号：10219402324;店铺： ;商品毛重：1.0kg;拍摄角度：170°及以上;操作方式：触屏;屏幕尺寸：8英寸及以上;分辨率：1080p;功能：夜视加强，语音交互，停车监控，前后双录，电子狗，倒车影像，GPS，上网，智能导航;款式：后视镜式;安装方式：通用双镜头,1060.00,0.97,5.9万+
49,10219402325,https://item.jd.com/10219402325.html,凌度智能行车记录仪高清夜视双镜头前后录像倒车影像一体机导航仪带电子狗后视云镜8英寸4G云镜版+导航微信蓝牙+32G(套餐六),商品名称：凌度 智能行车记录仪高清夜视双镜头前后录像倒车影像一体机 导航仪带电子狗后视云镜 8英寸4G云镜版+导航微信蓝牙+32G(套餐六);商品编号：10219402325;店铺： ;商品毛重：1.0kg;拍摄角度：170°及以上;操作方式：触屏;屏幕尺寸：8英寸及以上;分辨率：1080p;功能：夜视加强，语音交互，停车监控，前后双录，电子狗，倒车影像，GPS，上网，智能导航;款式：后视镜式;安装方式：通用双镜头,1080.00,0.97,5.9万+
50,2554180,https://item.jd.com/2554180.html,小蚁（YI）行车记录仪1296P超高清夜视青春版165°广角智能辅助驾驶（太空灰）支持小米/360手机WIFI互联,商品名称：小蚁YCS.1015. CN;商品编号：2554180;商品毛重：290.00g;商品产地：中国大陆;拍摄角度：150°-169°;操作方式：按键;屏幕尺寸：2.7英寸;分辨率：1296P;功能：夜视加强，WIFI，轨道偏离预警;款式：卡片机;安装方式：通用单镜头,209.00,0.97,5.3万+
51,7402277,https://item.jd.com/7402277.html,小蚁（Yi）智能行车记录仪1296P超高清夜视165°广角智能辅助驾驶+16g卡组套产品,商品名称：小蚁YCS.1015. CN;商品编号：7402277;商品毛重：280.00g;商品产地：中国大陆;操作方式：按键;屏幕尺寸：2.7英寸;拍摄角度：150°-169°;功能：夜视加强;分辨率：1296P;安装方式：通用单镜头,255.00,0.97,4万+
52,2554180,https://item.jd.com/2554180.html,小蚁（YI）行车记录仪1296P超高清夜视青春版165°广角智能辅助驾驶（太空灰）支持小米/360手机WIFI互联,商品名称：小蚁YCS.1015. CN;商品编号：2554180;商品毛重：290.00g;商品产地：中国大陆;拍摄角度：150°-169°;操作方式：按键;屏幕尺寸：2.7英寸;分辨率：1296P;功能：夜视加强，WIFI，轨道偏离预警;款式：卡片机;安装方式：通用单镜头,209.00,0.97,5.3万+
53,7402277,https://item.jd.com/7402277.html,小蚁（Yi）智能行车记录仪1296P超高清夜视165°广角智能辅助驾驶+16g卡组套产品,商品名称：小蚁YCS.1015. CN;商品编号：7402277;商品毛重：280.00g;商品产地：中国大陆;操作方式：按键;屏幕尺寸：2.7英寸;拍摄角度：150°-169°;功能：夜视加强;分辨率：1296P;安装方式：通用单镜头,255.00,0.97,4万+
54,7402197,https://item.jd.com/7402197.html,小蚁（YI）行车记录仪1296P超高清夜视青春版165°广角智能辅助驾驶+32g卡组套产品,商品名称：小蚁YCS.1015. CN;商品编号：7402197;商品毛重：290.00g;商品产地：中国大陆;操作方式：按键;屏幕尺寸：2.7英寸;拍摄角度：150°-169°;功能：夜视加强;分辨率：1296P;安装方式：通用单镜头,259.00,0.97,5.3万+
55,10122617290,https://item.jd.com/10122617290.html,凌度智能行车记录仪高清夜视双镜头前后录像倒车影像一体机导航仪带电子狗后视云镜【套餐七】8英寸4G云镜+微信导航电子狗+32G,商品名称：凌度 智能行车记录仪高清夜视双镜头前后录像倒车影像一体机 导航仪带电子狗后视云镜 【套餐七】8英寸4G云镜+微信导航电子狗+32G;商品编号：10122617290;店铺： ;商品毛重：100.00g;拍摄角度：170°及以上;操作方式：触屏;屏幕尺寸：8英寸及以上;分辨率：1080p;功能：夜视加强，语音交互，停车监控，前后双录，电子狗，WIFI，轨道偏离预警，倒车影像，GPS，上网，智能导航;款式：后视镜式;安装方式：通用双镜头,1129.00,0.98,5.3万+
56,10122617294,https://item.jd.com/10122617294.html,凌度智能行车记录仪高清夜视双镜头前后录像倒车影像一体机导航仪带电子狗后视云镜【套餐六】8英寸导航语音声控+微信蓝牙+32G,商品名称：凌度 智能行车记录仪高清夜视双镜头前后录像倒车影像一体机 导航仪带电子狗后视云镜 【套餐六】8英寸导航语音声控+微信蓝牙+32G;商品编号：10122617294;店铺： ;商品毛重：100.00g;拍摄角度：170°及以上;操作方式：触屏;屏幕尺寸：8英寸及以上;分辨率：1080p;功能：夜视加强，语音交互，停车监控，前后双录，电子狗，WIFI，轨道偏离预警，倒车影像，GPS，上网，智能导航;款式：后视镜式;安装方式：通用双镜头,799.00,0.98,5.3万+
57,10122617297,https://item.jd.com/10122617297.html,凌度智能行车记录仪高清夜视双镜头前后录像倒车影像一体机导航仪带电子狗后视云镜【套餐五】8英寸标准版+倒车影像双镜双录+32G,商品名称：凌度 智能行车记录仪高清夜视双镜头前后录像倒车影像一体机 导航仪带电子狗后视云镜 【套餐五】8英寸标准版+倒车影像双镜双录+32G;商品编号：10122617297;店铺： ;商品毛重：100.00g;拍摄角度：170°及以上;操作方式：触屏;屏幕尺寸：8英寸及以上;分辨率：1080p;功能：夜视加强，语音交互，停车监控，前后双录，电子狗，WIFI，轨道偏离预警，倒车影像，GPS，上网，智能导航;款式：后视镜式;安装方式：通用双镜头,419.00,0.98,5.3万+
58,10122625705,https://item.jd.com/10122625705.html,凌度智能行车记录仪高清夜视双镜头前后录像倒车影像一体机导航仪带电子狗后视云镜【套餐四】7英寸电子狗+倒车影像双镜双录+32G,商品名称：凌度 智能行车记录仪高清夜视双镜头前后录像倒车影像一体机 导航仪带电子狗后视云镜 【套餐四】7英寸电子狗+倒车影像双镜双录+32G;商品编号：10122625705;店铺： ;商品毛重：100.00g;拍摄角度：170°及以上;操作方式：触屏;屏幕尺寸：8英寸及以上;分辨率：1080p;功能：夜视加强，语音交互，停车监控，前后双录，电子狗，WIFI，轨道偏离预警，倒车影像，GPS，上网，智能导航;款式：后视镜式;安装方式：通用双镜头,389.00,0.98,5.3万+
59,10122617289,https://item.jd.com/10122617289.html,凌度智能行车记录仪高清夜视双镜头前后录像倒车影像一体机导航仪带电子狗后视云镜【套餐一】5英寸电子狗+倒车影像双镜双录+32G,商品名称：凌度 智能行车记录仪高清夜视双镜头前后录像倒车影像一体机 导航仪带电子狗后视云镜 【套餐一】5英寸电子狗+倒车影像双镜双录+32G;商品编号：10122617289;店铺： ;商品毛重：100.00g;拍摄角度：170°及以上;操作方式：触屏;屏幕尺寸：8英寸及以上;分辨率：1080p;功能：夜视加强，语音交互，停车监控，前后双录，电子狗，WIFI，轨道偏离预警，倒车影像，GPS，上网，智能导航;款式：后视镜式;安装方式：通用双镜头,369.00,0.98,5.3万+
60,10122617293,https://item.jd.com/10122617293.html,凌度智能行车记录仪高清夜视双镜头前后录像倒车影像一体机导航仪带电子狗后视云镜【套餐二】7英寸标准版+倒车影像双镜双录+16G,商品名称：凌度 智能行车记录仪高清夜视双镜头前后录像倒车影像一体机 导航仪带电子狗后视云镜 【套餐二】7英寸标准版+倒车影像双镜双录+16G;商品编号：10122617293;店铺： ;商品毛重：100.00g;拍摄角度：170°及以上;操作方式：触屏;屏幕尺寸：8英寸及以上;分辨率：1080p;功能：夜视加强，语音交互，停车监控，前后双录，电子狗，WIFI，轨道偏离预警，倒车影像，GPS，上网，智能导航;款式：后视镜式;安装方式：通用双镜头,319.00,0.98,5.3万+
61,10165701171,https://item.jd.com/10165701171.html,凌度智能行车记录仪高清夜视双镜头前后录像倒车影像一体机导航仪带电子狗后视云镜【套餐三】7英寸标准版+倒车影像双镜双录+32G,商品名称：凌度 智能行车记录仪高清夜视双镜头前后录像倒车影像一体机 导航仪带电子狗后视云镜 【套餐三】7英寸标准版+倒车影像双镜双录+32G;商品编号：10165701171;店铺： ;商品毛重：100.00g;拍摄角度：170°及以上;操作方式：触屏;屏幕尺寸：8英寸及以上;分辨率：1080p;功能：夜视加强，语音交互，停车监控，前后双录，电子狗，WIFI，轨道偏离预警，倒车影像，GPS，上网，智能导航;款式：后视镜式;安装方式：通用双镜头,329.00,0.98,5.3万+
62,10029431078,https://item.jd.com/10029431078.html,靓知渝手机WIFI隐藏式行车记录仪专车专用高清夜视宝马奥迪奔驰保时捷路虎丰田大众别克日产奔驰C级E级S级MLGLGLK专用单镜头+自行安装+送32G卡,商品名称：靓知渝手机WIFI隐藏式行车记录仪专车专用高清夜视宝马奥迪奔驰保时捷路虎丰田大众别克日产 奔驰C级E级S级ML GL GLK 专用 单镜头+自行安装+送32G卡;商品编号：10029431078;店铺： ;商品毛重：500.00g;货号：DV170;拍摄角度：170°及以上;操作方式：按键;屏幕尺寸：无屏幕;分辨率：1080p;功能：夜视加强;款式：专车专用式;安装方式：专车专用双镜头,428.00,0.99,2.8万+
63,10029431080,https://item.jd.com/10029431080.html,靓知渝手机WIFI隐藏式行车记录仪专车专用高清夜视宝马奥迪奔驰保时捷路虎丰田大众别克日产宝马5系3系1系7系X5X6X4X3X1专用单镜头+自行安装+送32G卡,商品名称：靓知渝手机WIFI隐藏式行车记录仪专车专用高清夜视宝马奥迪奔驰保时捷路虎丰田大众别克日产 宝马5系3系1系7系X5X6X4X3X1专用 单镜头+自行安装+送32G卡;商品编号：10029431080;店铺： ;商品毛重：500.00g;货号：DV170;拍摄角度：170°及以上;操作方式：按键;屏幕尺寸：无屏幕;分辨率：1080p;功能：夜视加强;款式：专车专用式;安装方式：专车专用双镜头,428.00,0.99,2.8万+
64,10029431083,https://item.jd.com/10029431083.html,靓知渝手机WIFI隐藏式行车记录仪专车专用高清夜视宝马奥迪奔驰保时捷路虎丰田大众别克日产奥迪A3A4LA6LA8LQ5Q3专单镜头+包安装+送32G卡,商品名称：靓知渝手机WIFI隐藏式行车记录仪专车专用高清夜视宝马奥迪奔驰保时捷路虎丰田大众别克日产 奥迪A3 A4L A6L A8L Q5 Q3 专 单镜头+包安装+送32G卡;商品编号：10029431083;店铺： ;商品毛重：500.00g;货号：DV170;拍摄角度：170°及以上;操作方式：按键;屏幕尺寸：无屏幕;分辨率：1080p;功能：夜视加强;款式：专车专用式;安装方式：专车专用双镜头,498.00,0.99,2.8万+
65,10029431084,https://item.jd.com/10029431084.html,靓知渝手机WIFI隐藏式行车记录仪专车专用高清夜视宝马奥迪奔驰保时捷路虎丰田大众别克日产路虎极光揽胜发现4发现神行专用单镜头+自行安装+送32G卡,商品名称：靓知渝手机WIFI隐藏式行车记录仪专车专用高清夜视宝马奥迪奔驰保时捷路虎丰田大众别克日产 路虎极光揽胜发现4发现神行专用 单镜头+自行安装+送32G卡;商品编号：10029431084;店铺： ;商品毛重：500.00g;货号：DV170;拍摄角度：170°及以上;操作方式：按键;屏幕尺寸：无屏幕;分辨率：1080p;功能：夜视加强;款式：专车专用式;安装方式：专车专用双镜头,428.00,0.99,2.8万+
66,10029431087,https://item.jd.com/10029431087.html,靓知渝手机WIFI隐藏式行车记录仪专车专用高清夜视宝马奥迪奔驰保时捷路虎丰田大众别克日产保时捷卡宴帕拉梅拉panameramacan专单镜头+包安装+送32G卡,商品名称：靓知渝手机WIFI隐藏式行车记录仪专车专用高清夜视宝马奥迪奔驰保时捷路虎丰田大众别克日产 保时捷卡宴帕拉梅拉panamera macan专 单镜头+包安装+送32G卡;商品编号：10029431087;店铺： ;商品毛重：500.00g;货号：DV170;拍摄角度：170°及以上;操作方式：按键;屏幕尺寸：无屏幕;分辨率：1080p;功能：夜视加强;款式：专车专用式;安装方式：专车专用双镜头,498.00,0.99,2.8万+
67,10029431088,https://item.jd.com/10029431088.html,靓知渝手机WIFI隐藏式行车记录仪专车专用高清夜视宝马奥迪奔驰保时捷路虎丰田大众别克日产沃尔沃XC60XC90S60LS80L专用单镜头+自行安装+送32G卡,商品名称：靓知渝手机WIFI隐藏式行车记录仪专车专用高清夜视宝马奥迪奔驰保时捷路虎丰田大众别克日产 沃尔沃XC60 XC90 S60L S80L专用 单镜头+自行安装+送32G卡;商品编号：10029431088;店铺： ;商品毛重：500.00g;货号：DV170;拍摄角度：170°及以上;操作方式：按键;屏幕尺寸：无屏幕;分辨率：1080p;功能：夜视加强;款式：专车专用式;安装方式：专车专用双镜头,428.00,0.99,2.8万+
68,10036074066,https://item.jd.com/10036074066.html,靓知渝手机WIFI隐藏式行车记录仪专车专用高清夜视宝马奥迪奔驰保时捷路虎丰田大众别克日产凯迪拉克ATSL/XTS/SRX/XT5/CT6单镜头+包安装+送32G卡,商品名称：靓知渝手机WIFI隐藏式行车记录仪专车专用高清夜视宝马奥迪奔驰保时捷路虎丰田大众别克日产 凯迪拉克ATSL/XTS/SRX/XT5/CT6 单镜头+包安装+送32G卡;商品编号：10036074066;店铺： ;商品毛重：500.00g;货号：DV170;拍摄角度：170°及以上;操作方式：按键;屏幕尺寸：无屏幕;分辨率：1080p;功能：夜视加强;款式：专车专用式;安装方式：专车专用双镜头,498.00,0.99,2.8万+
69,10036074067,https://item.jd.com/10036074067.html,靓知渝手机WIFI隐藏式行车记录仪专车专用高清夜视宝马奥迪奔驰保时捷路虎丰田大众别克日产丰田本田大众别克日产福特雪佛兰现代起亚马自专车专单镜头+自行安装+送32G卡,商品名称：靓知渝手机WIFI隐藏式行车记录仪专车专用高清夜视宝马奥迪奔驰保时捷路虎丰田大众别克日产 丰田本田大众别克日产福特雪佛兰现代起亚马自专车专 单镜头+自行安装+送32G卡;商品编号：10036074067;店铺： ;商品毛重：500.00g;货号：DV170;拍摄角度：170°及以上;操作方式：按键;屏幕尺寸：无屏幕;分辨率：1080p;功能：夜视加强;款式：专车专用式;安装方式：专车专用双镜头,398.00,0.99,2.8万+
70,1461401401,https://item.jd.com/1461401401.html,靓知渝手机WIFI隐藏式行车记录仪专车专用高清夜视宝马奥迪奔驰保时捷路虎丰田大众别克日产捷豹XJLXF专车专用双镜头+云电子狗一体机+包安装+送32G卡,商品名称：靓知渝手机WIFI隐藏式行车记录仪专车专用高清夜视宝马奥迪奔驰保时捷路虎丰田大众别克日产 捷豹XJL XF 专车专用 双镜头+云电子狗一体机+包安装+送32G卡;商品编号：1461401401;店铺： ;商品毛重：500.00g;货号：DV170;拍摄角度：170°及以上;操作方式：按键;屏幕尺寸：无屏幕;分辨率：1080p;功能：夜视加强;款式：专车专用式;安装方式：专车专用双镜头,928.00,0.99,2.8万+
71,1461401401,https://item.jd.com/1461401401.html,靓知渝手机WIFI隐藏式行车记录仪专车专用高清夜视宝马奥迪奔驰保时捷路虎丰田大众别克日产捷豹XJLXF专车专用双镜头+云电子狗一体机+包安装+送32G卡,商品名称：靓知渝手机WIFI隐藏式行车记录仪专车专用高清夜视宝马奥迪奔驰保时捷路虎丰田大众别克日产 捷豹XJL XF 专车专用 双镜头+云电子狗一体机+包安装+送32G卡;商品编号：1461401401;店铺： ;商品毛重：500.00g;货号：DV170;拍摄角度：170°及以上;操作方式：按键;屏幕尺寸：无屏幕;分辨率：1080p;功能：夜视加强;款式：专车专用式;安装方式：专车专用双镜头,928.00,0.99,2.8万+
72,1461401402,https://item.jd.com/1461401402.html,靓知渝手机WIFI隐藏式行车记录仪专车专用高清夜视宝马奥迪奔驰保时捷路虎丰田大众别克日产捷豹XJLXF专车专用单镜头+自行安装+送32G卡,商品名称：靓知渝手机WIFI隐藏式行车记录仪专车专用高清夜视宝马奥迪奔驰保时捷路虎丰田大众别克日产 捷豹XJL XF 专车专用 单镜头+自行安装+送32G卡;商品编号：1461401402;店铺： ;商品毛重：500.00g;货号：DV170;拍摄角度：170°及以上;操作方式：按键;屏幕尺寸：无屏幕;分辨率：1080p;功能：夜视加强;款式：专车专用式;安装方式：专车专用双镜头,428.00,0.99,2.8万+
73,1461401403,https://item.jd.com/1461401403.html,靓知渝手机WIFI隐藏式行车记录仪专车专用高清夜视宝马奥迪奔驰保时捷路虎丰田大众别克日产捷豹XJLXF专车专用单镜头+包安装+送32G卡,商品名称：靓知渝手机WIFI隐藏式行车记录仪专车专用高清夜视宝马奥迪奔驰保时捷路虎丰田大众别克日产 捷豹XJL XF 专车专用 单镜头+包安装+送32G卡;商品编号：1461401403;店铺： ;商品毛重：500.00g;货号：DV170;拍摄角度：170°及以上;操作方式：按键;屏幕尺寸：无屏幕;分辨率：1080p;功能：夜视加强;款式：专车专用式;安装方式：专车专用双镜头,498.00,0.99,2.8万+
74,1461401404,https://item.jd.com/1461401404.html,靓知渝手机WIFI隐藏式行车记录仪专车专用高清夜视宝马奥迪奔驰保时捷路虎丰田大众别克日产捷豹XJLXF专车专用双镜头+包安装+送32G卡,商品名称：靓知渝手机WIFI隐藏式行车记录仪专车专用高清夜视宝马奥迪奔驰保时捷路虎丰田大众别克日产 捷豹XJL XF 专车专用 双镜头+包安装+送32G卡;商品编号：1461401404;店铺： ;商品毛重：500.00g;货号：DV170;拍摄角度：170°及以上;操作方式：按键;屏幕尺寸：无屏幕;分辨率：1080p;功能：夜视加强;款式：专车专用式;安装方式：专车专用双镜头,658.00,0.99,2.8万+
75,1461401405,https://item.jd.com/1461401405.html,靓知渝手机WIFI隐藏式行车记录仪专车专用高清夜视宝马奥迪奔驰保时捷路虎丰田大众别克日产捷豹XJLXF专车专用单镜头+云电子狗一体机+包安装+送32G卡,商品名称：靓知渝手机WIFI隐藏式行车记录仪专车专用高清夜视宝马奥迪奔驰保时捷路虎丰田大众别克日产 捷豹XJL XF 专车专用 单镜头+云电子狗一体机+包安装+送32G卡;商品编号：1461401405;店铺： ;商品毛重：500.00g;货号：DV170;拍摄角度：170°及以上;操作方式：按键;屏幕尺寸：无屏幕;分辨率：1080p;功能：夜视加强;款式：专车专用式;安装方式：专车专用双镜头,768.00,0.99,2.8万+
76,5907339,https://item.jd.com/5907339.html,执法1号DSJ-V6高清记录仪高清红外夜视1080P现场记录仪（64G内存版）,商品名称：执法1号DSJ-V6;商品编号：5907339;商品毛重：1.2kg;商品产地：中国大陆;货号：DSJ-V6;拍摄角度：120°-149°;操作方式：按键;屏幕尺寸：2.0英寸;分辨率：1080p;功能：夜视加强;款式：执法记录仪;安装方式：通用单镜头,880.00,1.0,300+
77,5907349,https://item.jd.com/5907349.html,执法1号DSJ-V6高清记录仪高清红外夜视1080P现场记录仪（128G内存版）,商品名称：执法1号DSJ-V6;商品编号：5907349;商品毛重：480.00g;商品产地：中国大陆;货号：DSJ-V6;拍摄角度：120°-149°;操作方式：按键;屏幕尺寸：2.0英寸;分辨率：1080p;功能：夜视加强;款式：执法记录仪;安装方式：通用单镜头,1080.00,1.0,300+
78,12693904331,https://item.jd.com/12693904331.html,360行车记录仪后视镜M301升级M302前后双录双镜头无线wifi高清夜视倒车影像停车监控后视镜版M302标配无卡,商品名称：360行车记录仪后视镜M301升级M302前后双录 双镜头 无线wifi高清夜视倒车影像停车监控 后视镜版M302标配无卡;商品编号：12693904331;店铺： ;商品毛重：500.00g;拍摄角度：120°-149°;操作方式：按键;屏幕尺寸：4.3英寸;分辨率：1080p;功能：夜视加强，停车监控，前后双录，WIFI，倒车影像;款式：后视镜式;安装方式：通用双镜头,359.00,0.97,1.1万+
79,12693904329,https://item.jd.com/12693904329.html,360行车记录仪后视镜M301升级M302前后双录双镜头无线wifi高清夜视倒车影像停车监控后视镜版M302+16G,商品名称：360行车记录仪后视镜M301升级M302前后双录 双镜头 无线wifi高清夜视倒车影像停车监控 后视镜版M302+16G;商品编号：12693904329;店铺： ;商品毛重：500.00g;拍摄角度：120°-149°;操作方式：按键;屏幕尺寸：4.3英寸;分辨率：1080p;功能：夜视加强，停车监控，前后双录，WIFI，倒车影像;款式：后视镜式;安装方式：通用双镜头,379.00,0.97,1.1万+
80,12693904332,https://item.jd.com/12693904332.html,360行车记录仪后视镜M301升级M302前后双录双镜头无线wifi高清夜视倒车影像停车监控后视镜版M302+32G,商品名称：360行车记录仪后视镜M301升级M302前后双录 双镜头 无线wifi高清夜视倒车影像停车监控 后视镜版 M302+32G;商品编号：12693904332;店铺： ;商品毛重：500.00g;拍摄角度：120°-149°;操作方式：按键;屏幕尺寸：4.3英寸;分辨率：1080p;功能：夜视加强，停车监控，前后双录，WIFI，倒车影像;款式：后视镜式;安装方式：通用双镜头,389.00,0.97,1.1万+
81,30513901312,https://item.jd.com/30513901312.html,威仕特行车记录仪高清夜视停车监控双镜头前后双录流媒体智能后视镜倒车影像全景导航gps测速电子狗一体机智能联网导航+前后双录+32G卡(套八),商品名称：威仕特行车记录仪高清夜视停车监控双镜头前后双录流媒体智能后视镜倒车影像全景导航gps测速电子狗一体机 智能联网导航+前后双录+32G卡(套八);商品编号：30513901312;店铺： ;商品毛重：0.85kg;拍摄角度：120°-149°;操作方式：触屏;屏幕尺寸：8英寸及以上;分辨率：1080p;功能：夜视加强，语音交互，停车监控，前后双录，电子狗，WIFI，轨道偏离预警，倒车影像，GPS，上网，智能导航;款式：后视镜式;安装方式：通用双镜头,739.00,0.99,100+
82,30513901313,https://item.jd.com/30513901313.html,威仕特行车记录仪高清夜视停车监控双镜头前后双录流媒体智能后视镜倒车影像全景导航gps测速电子狗一体机无光夜视高清+前录+16G卡(套一),商品名称：威仕特行车记录仪高清夜视停车监控双镜头前后双录流媒体智能后视镜倒车影像全景导航gps测速电子狗一体机 无光夜视高清+前录+16G卡(套一);商品编号：30513901313;店铺： ;商品毛重：0.85kg;拍摄角度：120°-149°;操作方式：触屏;屏幕尺寸：8英寸及以上;分辨率：1080p;功能：夜视加强，语音交互，停车监控，前后双录，电子狗，WIFI，轨道偏离预警，倒车影像，GPS，上网，智能导航;款式：后视镜式;安装方式：通用双镜头,389.00,0.99,100+
83,30513901314,https://item.jd.com/30513901314.html,威仕特行车记录仪高清夜视停车监控双镜头前后双录流媒体智能后视镜倒车影像全景导航gps测速电子狗一体机无光夜视高清+前后双录+32G卡(套二),商品名称：威仕特行车记录仪高清夜视停车监控双镜头前后双录流媒体智能后视镜倒车影像全景导航gps测速电子狗一体机 无光夜视高清+前后双录+32G卡(套二);商品编号：30513901314;店铺： ;商品毛重：0.85kg;拍摄角度：120°-149°;操作方式：触屏;屏幕尺寸：8英寸及以上;分辨率：1080p;功能：夜视加强，语音交互，停车监控，前后双录，电子狗，WIFI，轨道偏离预警，倒车影像，GPS，上网，智能导航;款式：后视镜式;安装方式：通用双镜头,489.00,0.99,100+
84,30513901315,https://item.jd.com/30513901315.html,威仕特行车记录仪高清夜视停车监控双镜头前后双录流媒体智能后视镜倒车影像全景导航gps测速电子狗一体机声控WiFi触屏+前录+无卡(套三),商品名称：威仕特行车记录仪高清夜视停车监控双镜头前后双录流媒体智能后视镜倒车影像全景导航gps测速电子狗一体机 声控WiFi触屏+前录+无卡(套三);商品编号：30513901315;店铺： ;商品毛重：0.85kg;拍摄角度：120°-149°;操作方式：触屏;屏幕尺寸：8英寸及以上;分辨率：1080p;功能：夜视加强，语音交互，停车监控，前后双录，电子狗，WIFI，轨道偏离预警，倒车影像，GPS，上网，智能导航;款式：后视镜式;安装方式：通用双镜头,549.00,0.99,100+
85,30513901316,https://item.jd.com/30513901316.html,威仕特行车记录仪高清夜视停车监控双镜头前后双录流媒体智能后视镜倒车影像全景导航gps测速电子狗一体机声控WiFi触屏+前录+16G卡(套四),商品名称：威仕特行车记录仪高清夜视停车监控双镜头前后双录流媒体智能后视镜倒车影像全景导航gps测速电子狗一体机 声控WiFi触屏+前录+16G卡(套四);商品编号：30513901316;店铺： ;商品毛重：0.85kg;拍摄角度：120°-149°;操作方式：触屏;屏幕尺寸：8英寸及以上;分辨率：1080p;功能：夜视加强，语音交互，停车监控，前后双录，电子狗，WIFI，轨道偏离预警，倒车影像，GPS，上网，智能导航;款式：后视镜式;安装方式：通用双镜头,589.00,0.99,100+
86,30513901317,https://item.jd.com/30513901317.html,威仕特行车记录仪高清夜视停车监控双镜头前后双录流媒体智能后视镜倒车影像全景导航gps测速电子狗一体机声控WiFi触屏+前后双录+32G卡(套五),商品名称：威仕特行车记录仪高清夜视停车监控双镜头前后双录流媒体智能后视镜倒车影像全景导航gps测速电子狗一体机 声控WiFi触屏+前后双录+32G卡(套五);商品编号：30513901317;店铺： ;商品毛重：0.85kg;拍摄角度：120°-149°;操作方式：触屏;屏幕尺寸：8英寸及以上;分辨率：1080p;功能：夜视加强，语音交互，停车监控，前后双录，电子狗，WIFI，轨道偏离预警，倒车影像，GPS，上网，智能导航;款式：后视镜式;安装方式：通用双镜头,689.00,0.99,100+
87,30513901318,https://item.jd.com/30513901318.html,威仕特行车记录仪高清夜视停车监控双镜头前后双录流媒体智能后视镜倒车影像全景导航gps测速电子狗一体机智能联网导航+前录+无卡(套六),商品名称：威仕特行车记录仪高清夜视停车监控双镜头前后双录流媒体智能后视镜倒车影像全景导航gps测速电子狗一体机 智能联网导航+前录+无卡(套六);商品编号：30513901318;店铺： ;商品毛重：0.85kg;拍摄角度：120°-149°;操作方式：触屏;屏幕尺寸：8英寸及以上;分辨率：1080p;功能：夜视加强，语音交互，停车监控，前后双录，电子狗，WIFI，轨道偏离预警，倒车影像，GPS，上网，智能导航;款式：后视镜式;安装方式：通用双镜头,599.00,0.99,100+
88,30513901319,https://item.jd.com/30513901319.html,威仕特行车记录仪高清夜视停车监控双镜头前后双录流媒体智能后视镜倒车影像全景导航gps测速电子狗一体机智能联网导航+前录+16G卡(套七),商品名称：威仕特行车记录仪高清夜视停车监控双镜头前后双录流媒体智能后视镜倒车影像全景导航gps测速电子狗一体机 智能联网导航+前录+16G卡(套七);商品编号：30513901319;店铺： ;商品毛重：0.85kg;拍摄角度：120°-149°;操作方式：触屏;屏幕尺寸：8英寸及以上;分辨率：1080p;功能：夜视加强，语音交互，停车监控，前后双录，电子狗，WIFI，轨道偏离预警，倒车影像，GPS，上网，智能导航;款式：后视镜式;安装方式：通用双镜头,639.00,0.99,100+
89,30513901320,https://item.jd.com/30513901320.html,威仕特行车记录仪高清夜视停车监控双镜头前后双录流媒体智能后视镜倒车影像全景导航gps测速电子狗一体机无光夜视高清+前录+无卡(官配),商品名称：威仕特行车记录仪高清夜视停车监控双镜头前后双录流媒体智能后视镜倒车影像全景导航gps测速电子狗一体机 无光夜视高清+前录+无卡(官配);商品编号：30513901320;店铺： ;商品毛重：0.85kg;拍摄角度：120°-149°;操作方式：触屏;屏幕尺寸：8英寸及以上;分辨率：1080p;功能：夜视加强，语音交互，停车监控，前后双录，电子狗，WIFI，轨道偏离预警，倒车影像，GPS，上网，智能导航;款式：后视镜式;安装方式：通用双镜头,349.00,0.99,100+
90,4238755,https://item.jd.com/4238755.html,飞利浦（PHILIPS）行车记录仪ADR610s6层全玻璃镜头1080P全高清三车道全覆盖4种录制模式疲劳驾驶提醒,商品名称：飞利浦飞利浦（PHILIPS）行车记录仪 ADR610s;商品编号：4238755;商品毛重：260.00g;商品产地：中国大陆;操作方式：按键;屏幕尺寸：2.0英寸;拍摄角度：120°-149°;功能：停车监控;分辨率：1080p;安装方式：通用单镜头,399.00,0.98,6.5万+
91,1923693,https://item.jd.com/1923693.html,飞利浦（PHILIPS）行车记录仪ADR7101296P至臻高清夜视增强145°真实大广角疲劳驾驶提醒支持64G卡扩容,商品名称：飞利浦ADR710;商品编号：1923693;商品毛重：290.00g;商品产地：中国大陆;操作方式：按键;屏幕尺寸：2.0英寸;拍摄角度：120°-149°;功能：夜视加强;分辨率：1296P;安装方式：通用单镜头,509.00,0.98,6.5万+
92,7868136,https://item.jd.com/7868136.html,飞利浦(PHILIPS)行车记录仪ADR7302.7英寸大屏幕140°广角1080P单反级夜视,商品名称：飞利浦ADR730;商品编号：7868136;商品毛重：310.00g;商品产地：中国;操作方式：按键;屏幕尺寸：2.7英寸;拍摄角度：120°-149°;功能：停车监控;分辨率：1080p;安装方式：通用单镜头,699.00,0.98,6.5万+
93,3904238,https://item.jd.com/3904238.html,飞利浦（PHILIPS）行车记录仪ADR800s动态全高清1080P夜视升级广角升级F/2.0大光圈画质更优,商品名称：飞利浦ADR800s;商品编号：3904238;商品毛重：280.00g;商品产地：中国大陆;操作方式：按键;屏幕尺寸：2.0英寸;拍摄角度：120°-149°;功能：夜视加强;分辨率：1080p;安装方式：通用单镜头,499.00,0.98,6.5万+
94,1470147,https://item.jd.com/1470147.html,飞利浦（PHILIPS）行车记录仪ADR8101080P单反级夜视156°大广角7层覆膜全玻璃合成镜头专利一键紧急录像,商品名称：飞利浦ADR810;商品编号：1470147;商品毛重：340.00g;商品产地：中国大陆;操作方式：按键;屏幕尺寸：2.7英寸;拍摄角度：150°-169°;功能：夜视加强;分辨率：1080p;安装方式：通用单镜头,639.00,0.98,6.5万+
95,3904196,https://item.jd.com/3904196.html,飞利浦（PHILIPS）行车记录仪ADR810s单反级智能夜视166°大广角非球面镜头升级6层全玻璃金属镜头,商品名称：飞利浦ADR810s;商品编号：3904196;商品毛重：400.00g;商品产地：中国大陆;操作方式：按键;屏幕尺寸：2.7英寸;拍摄角度：150°-169°;功能：夜视加强;分辨率：1080p;安装方式：通用单镜头,699.00,0.98,6.5万+
96,7619908,https://item.jd.com/7619908.html,飞利浦(PHILIPS)行车记录仪ADR830专利微波眼24小时监控1080P单反级夜视135°广角低能耗OBD安全供电,商品名称：飞利浦ADR830;商品编号：7619908;商品毛重：310.00g;商品产地：中国;操作方式：按键;屏幕尺寸：1.5英寸;拍摄角度：120°-149°;功能：停车监控;分辨率：1080p;安装方式：通用单镜头,899.00,0.98,6.5万+
97,2388590,https://item.jd.com/2388590.html,飞利浦（PHILIPS）7x24小时行车记录仪ADR900专利微波眼1080P单反级夜视171°超大广角低能耗OBD安全供电,商品名称：飞利浦ADR900;商品编号：2388590;商品毛重：400.00g;商品产地：中国大陆;操作方式：按键;屏幕尺寸：2.7英寸;拍摄角度：150°-169°;功能：夜视加强，停车监控;分辨率：1080p;安装方式：通用单镜头,1199.00,0.98,6.5万+
98,5678038,https://item.jd.com/5678038.html,飞利浦（PHILIPS）360°全景行车记录仪ADR920前后双录无死角车内监控兼护隐私,商品名称：飞利浦ADR920;商品编号：5678038;商品毛重：420.00g;商品产地：中国大陆;拍摄角度：170°及以上;操作方式：按键;屏幕尺寸：无屏幕;分辨率：1440P;功能：前后双录;款式：360度全景;安装方式：通用双镜头,1899.00,0.98,6.5万+
99,7868240,https://item.jd.com/7868240.html,飞利浦(PHILIPS)微波眼配件WaveGuard7x24小时监控低能耗OBD安全供电,商品名称：飞利浦微波眼;商品编号：7868240;商品毛重：220.00g;商品产地：中国大陆;操作方式：其它;屏幕尺寸：无屏幕;拍摄角度：其它;功能：停车监控;分辨率：其它;安装方式：其它,399.00,0.98,6.5万+
100,7263318,https://item.jd.com/7263318.html,盯盯拍MIX3行车记录仪高清微光夜视加强自带16G内置存储循环录制停车监控,商品名称：盯盯拍盯盯拍MIX3;商品编号：7263318;商品毛重：340.00g;商品产地：中国大陆;货号：MIX3;拍摄角度：120°-149°;操作方式：触屏;屏幕尺寸：3.0英寸;分辨率：1080p;功能：夜视加强，停车监控，WIFI;款式：卡片机;安装方式：通用单镜头,299.00,0.97,4100+
101,7263308,https://item.jd.com/7263308.html,盯盯拍MIX3行车记录仪高清微光夜视加强自带32G内置存储循环录制停车监控,商品名称：盯盯拍盯盯拍MIX3;商品编号：7263308;商品毛重：360.00g;商品产地：中国大陆;货号：MIX3 32G;拍摄角度：120°-149°;操作方式：触屏;屏幕尺寸：3.0英寸;分辨率：1080p;功能：夜视加强，停车监控，WIFI;款式：卡片机;安装方式：通用单镜头,349.00,0.97,4100+
102,27000664879,https://item.jd.com/27000664879.html,爱车云镜7英寸大屏智能声控行车记录仪高清夜视流媒体停车监控倒车影像智能后视镜导航一体机官方标配+4G物联网卡,商品名称：爱车云镜7英寸大屏智能声控行车记录仪高清夜视流媒体停车监控倒车影像智能后视镜导航一体机 官方标配+4G物联网卡;商品编号：27000664879;店铺： ;商品毛重：500.00g;商品产地：中国大陆;拍摄角度：120°-149°;操作方式：触屏;屏幕尺寸：7英寸;分辨率：1080p;功能：夜视加强，语音交互，停车监控，前后双录，电子狗，WIFI，倒车影像，GPS，上网，智能导航;款式：后视镜式;安装方式：通用双镜头,439.00,0.99,1200+
103,27000664880,https://item.jd.com/27000664880.html,爱车云镜7英寸大屏智能声控行车记录仪高清夜视流媒体停车监控倒车影像智能后视镜导航一体机标配+4G物联网卡+后摄像头,商品名称：爱车云镜7英寸大屏智能声控行车记录仪高清夜视流媒体停车监控倒车影像智能后视镜导航一体机 标配+4G物联网卡+后摄像头;商品编号：27000664880;店铺： ;商品毛重：500.00g;商品产地：中国大陆;拍摄角度：120°-149°;操作方式：触屏;屏幕尺寸：7英寸;分辨率：1080p;功能：夜视加强，语音交互，停车监控，前后双录，电子狗，WIFI，倒车影像，GPS，上网，智能导航;款式：后视镜式;安装方式：通用双镜头,539.00,0.99,1200+
104,27000664881,https://item.jd.com/27000664881.html,爱车云镜7英寸大屏智能声控行车记录仪高清夜视流媒体停车监控倒车影像智能后视镜导航一体机标配+4G物联网卡+安装服务,商品名称：爱车云镜7英寸大屏智能声控行车记录仪高清夜视流媒体停车监控倒车影像智能后视镜导航一体机 标配+4G物联网卡+安装服务;商品编号：27000664881;店铺： ;商品毛重：500.00g;商品产地：中国大陆;拍摄角度：120°-149°;操作方式：触屏;屏幕尺寸：7英寸;分辨率：1080p;功能：夜视加强，语音交互，停车监控，前后双录，电子狗，WIFI，倒车影像，GPS，上网，智能导航;款式：后视镜式;安装方式：通用双镜头,509.00,0.99,1200+
105,27000664882,https://item.jd.com/27000664882.html,爱车云镜7英寸大屏智能声控行车记录仪高清夜视流媒体停车监控倒车影像智能后视镜导航一体机标配+4G物联网卡+后摄像头+安装服务,商品名称：爱车云镜7英寸大屏智能声控行车记录仪高清夜视流媒体停车监控倒车影像智能后视镜导航一体机 标配+4G物联网卡+后摄像头+安装服务;商品编号：27000664882;店铺： ;商品毛重：500.00g;商品产地：中国大陆;拍摄角度：120°-149°;操作方式：触屏;屏幕尺寸：7英寸;分辨率：1080p;功能：夜视加强，语音交互，停车监控，前后双录，电子狗，WIFI，倒车影像，GPS，上网，智能导航;款式：后视镜式;安装方式：通用双镜头,609.00,0.99,1200+
106,28558124867,https://item.jd.com/28558124867.html,凌度行车记录仪双镜头高清夜视倒车影像一体机电子狗导航仪智能后视云镜4.3吋APP版+无卡(套餐一),商品名称：凌度 行车记录仪 双镜头高清夜视倒车影像一体机 电子狗导航仪智能后视云镜 4.3吋APP版+无卡(套餐一);商品编号：28558124867;店铺： ;商品毛重：1.0kg;货号：900;操作方式：触屏;屏幕尺寸：8英寸及以上;拍摄角度：170°及以上;功能：夜视加强，语音交互，停车监控，前后双录，电子狗，WIFI，轨道偏离预警，倒车影像，上网，智能导航;分辨率：1080p;安装方式：通用双镜头,259.00,0.99,1700+
107,28558124868,https://item.jd.com/28558124868.html,凌度行车记录仪双镜头高清夜视倒车影像一体机电子狗导航仪智能后视云镜4.3吋APP版+16G卡(套餐二),商品名称：凌度 行车记录仪 双镜头高清夜视倒车影像一体机 电子狗导航仪智能后视云镜 4.3吋APP版+16G卡(套餐二);商品编号：28558124868;店铺： ;商品毛重：1.0kg;货号：900;操作方式：触屏;屏幕尺寸：8英寸及以上;拍摄角度：170°及以上;功能：夜视加强，语音交互，停车监控，前后双录，电子狗，WIFI，轨道偏离预警，倒车影像，上网，智能导航;分辨率：1080p;安装方式：通用双镜头,288.00,0.99,1700+
108,28558124869,https://item.jd.com/28558124869.html,凌度行车记录仪双镜头高清夜视倒车影像一体机电子狗导航仪智能后视云镜4.3吋APP版+32G卡(套餐三),商品名称：凌度 行车记录仪 双镜头高清夜视倒车影像一体机 电子狗导航仪智能后视云镜 4.3吋APP版+32G卡(套餐三);商品编号：28558124869;店铺： ;商品毛重：1.0kg;货号：900;操作方式：触屏;屏幕尺寸：8英寸及以上;拍摄角度：170°及以上;功能：夜视加强，语音交互，停车监控，前后双录，电子狗，WIFI，轨道偏离预警，倒车影像，上网，智能导航;分辨率：1080p;安装方式：通用双镜头,308.00,0.99,1700+
109,28558124870,https://item.jd.com/28558124870.html,凌度行车记录仪双镜头高清夜视倒车影像一体机电子狗导航仪智能后视云镜4.3吋APP版+16G卡(套餐四),商品名称：凌度 行车记录仪 双镜头高清夜视倒车影像一体机 电子狗导航仪智能后视云镜 4.3吋APP版+16G卡(套餐四);商品编号：28558124870;店铺： ;商品毛重：1.0kg;货号：900;操作方式：触屏;屏幕尺寸：8英寸及以上;拍摄角度：170°及以上;功能：夜视加强，语音交互，停车监控，前后双录，电子狗，WIFI，轨道偏离预警，倒车影像，上网，智能导航;分辨率：1080p;安装方式：通用双镜头,309.00,0.99,1700+
110,28558124871,https://item.jd.com/28558124871.html,凌度行车记录仪双镜头高清夜视倒车影像一体机电子狗导航仪智能后视云镜4.3吋APP版+32G卡（套餐五),商品名称：凌度 行车记录仪 双镜头高清夜视倒车影像一体机 电子狗导航仪智能后视云镜 4.3吋APP版+32G卡（套餐五);商品编号：28558124871;店铺： ;商品毛重：1.0kg;货号：900;操作方式：触屏;屏幕尺寸：8英寸及以上;拍摄角度：170°及以上;功能：夜视加强，语音交互，停车监控，前后双录，电子狗，WIFI，轨道偏离预警，倒车影像，上网，智能导航;分辨率：1080p;安装方式：通用双镜头,319.00,0.99,1700+
111,28558124875,https://item.jd.com/28558124875.html,凌度行车记录仪双镜头高清夜视倒车影像一体机电子狗导航仪智能后视云镜8吋三镜三录+微信定位+16G卡(套餐六）,商品名称：凌度 行车记录仪 双镜头高清夜视倒车影像一体机 电子狗导航仪智能后视云镜 8吋三镜三录+微信定位+16G卡(套餐六）;商品编号：28558124875;店铺： ;商品毛重：1.0kg;货号：900;操作方式：触屏;屏幕尺寸：8英寸及以上;拍摄角度：170°及以上;功能：夜视加强，语音交互，停车监控，前后双录，电子狗，WIFI，轨道偏离预警，倒车影像，上网，智能导航;分辨率：1080p;安装方式：通用双镜头,679.00,0.99,1700+
112,29178661798,https://item.jd.com/29178661798.html,凌度行车记录仪双镜头高清夜视倒车影像一体机电子狗导航仪智能后视云镜8吋三镜三录+微信定位+32G卡(套餐七）,商品名称：凌度 行车记录仪 双镜头高清夜视倒车影像一体机 电子狗导航仪智能后视云镜 8吋三镜三录+微信定位+32G卡(套餐七）;商品编号：29178661798;店铺： ;商品毛重：1.0kg;货号：900;操作方式：触屏;屏幕尺寸：8英寸及以上;拍摄角度：170°及以上;功能：夜视加强，语音交互，停车监控，前后双录，电子狗，WIFI，轨道偏离预警，倒车影像，上网，智能导航;分辨率：1080p;安装方式：通用双镜头,699.00,0.99,1700+
113,11266709734,https://item.jd.com/11266709734.html,360行车记录仪二代美猴王版J511安霸A12高清夜视WIFI连接ADAS驾驶美猴王版32G卡（白色）,商品名称：360 行车记录仪二代美猴王版 J511 安霸A12 高清夜视 WIFI连接ADAS驾驶 美猴王版32G卡（白色）;商品编号：11266709734;店铺： ;商品毛重：0.507kg;商品产地：中国大陆;拍摄角度：150°-169°;操作方式：按键;屏幕尺寸：3.0英寸;分辨率：1080p;功能：夜视加强，停车监控，WIFI，轨道偏离预警;款式：卡片机;安装方式：通用单镜头,599.00,0.98,1.3万+
114,11266709733,https://item.jd.com/11266709733.html,360行车记录仪二代美猴王版J511安霸A12高清夜视WIFI连接ADAS驾驶美猴王版32G卡（黑色）,商品名称：360 行车记录仪二代美猴王版 J511 安霸A12 高清夜视 WIFI连接ADAS驾驶 美猴王版32G卡（黑色）;商品编号：11266709733;店铺： ;商品毛重：0.507kg;商品产地：中国大陆;拍摄角度：150°-169°;操作方式：按键;屏幕尺寸：3.0英寸;分辨率：1080p;功能：夜视加强，停车监控，WIFI，轨道偏离预警;款式：卡片机;安装方式：通用单镜头,599.00,0.98,1.3万+
115,27970814157,https://item.jd.com/27970814157.html,意诚源智能北斗行车记录仪高清夜视循环录像倒车影像24小时停车监控电子狗测速仪5寸+循环录像前后双录+无卡（官方标配）E5,商品名称：意诚源智能北斗行车记录仪高清夜视循环录像倒车影像24小时停车监控电子狗测速仪 5寸+循环录像前后双录+无卡（官方标配）E5;商品编号：27970814157;店铺： ;商品毛重：1.0kg;商品产地：中国大陆;货号：E5;拍摄角度：170°及以上;操作方式：触屏;屏幕尺寸：7英寸;分辨率：1080p;功能：夜视加强，停车监控，前后双录，电子狗，倒车影像，智能导航;款式：后视镜式;安装方式：通用双镜头,299.00,0.99,900+
116,27970814158,https://item.jd.com/27970814158.html,意诚源智能北斗行车记录仪高清夜视循环录像倒车影像24小时停车监控电子狗测速仪5寸+ADAS前后双录+送16G卡（套餐一）E5,商品名称：意诚源智能北斗行车记录仪高清夜视循环录像倒车影像24小时停车监控电子狗测速仪 5寸+ADAS前后双录+送16G卡（套餐一）E5;商品编号：27970814158;店铺： ;商品毛重：1.0kg;商品产地：中国大陆;货号：E5;拍摄角度：170°及以上;操作方式：触屏;屏幕尺寸：7英寸;分辨率：1080p;功能：夜视加强，停车监控，前后双录，电子狗，倒车影像，智能导航;款式：后视镜式;安装方式：通用双镜头,388.00,0.99,900+
117,27970814159,https://item.jd.com/27970814159.html,意诚源智能北斗行车记录仪高清夜视循环录像倒车影像24小时停车监控电子狗测速仪7寸+停车监控+送16G卡(套餐二)E7,商品名称：意诚源智能北斗行车记录仪高清夜视循环录像倒车影像24小时停车监控电子狗测速仪 7寸+停车监控+送16G卡(套餐二)E7;商品编号：27970814159;店铺： ;商品毛重：1.0kg;商品产地：中国大陆;货号：E5;拍摄角度：170°及以上;操作方式：触屏;屏幕尺寸：7英寸;分辨率：1080p;功能：夜视加强，停车监控，前后双录，电子狗，倒车影像，智能导航;款式：后视镜式;安装方式：通用双镜头,539.00,0.99,900+
118,27970814160,https://item.jd.com/27970814160.html,意诚源智能北斗行车记录仪高清夜视循环录像倒车影像24小时停车监控电子狗测速仪7寸屏+碰撞加锁+送32G卡（套餐三）E7,商品名称：意诚源智能北斗行车记录仪高清夜视循环录像倒车影像24小时停车监控电子狗测速仪 7寸屏+碰撞加锁+送32G卡（套餐三）E7;商品编号：27970814160;店铺： ;商品毛重：1.0kg;商品产地：中国大陆;货号：E5;拍摄角度：170°及以上;操作方式：触屏;屏幕尺寸：7英寸;分辨率：1080p;功能：夜视加强，停车监控，前后双录，电子狗，倒车影像，智能导航;款式：后视镜式;安装方式：通用双镜头,588.00,0.99,900+
119,27970814161,https://item.jd.com/27970814161.html,意诚源智能北斗行车记录仪高清夜视循环录像倒车影像24小时停车监控电子狗测速仪7寸+智能语音流量卡+送16G卡（套餐四）X8,商品名称：意诚源智能北斗行车记录仪高清夜视循环录像倒车影像24小时停车监控电子狗测速仪 7寸+智能语音流量卡+送16G卡（套餐四）X8;商品编号：27970814161;店铺： ;商品毛重：1.0kg;商品产地：中国大陆;货号：E5;拍摄角度：170°及以上;操作方式：触屏;屏幕尺寸：7英寸;分辨率：1080p;功能：夜视加强，停车监控，前后双录，电子狗，倒车影像，智能导航;款式：后视镜式;安装方式：通用双镜头,838.00,0.99,900+
120,28004995687,https://item.jd.com/28004995687.html,意诚源智能北斗行车记录仪高清夜视循环录像倒车影像24小时停车监控电子狗测速仪7寸+智能导航2G流量卡+送32G卡（套餐五）X8,商品名称：意诚源智能北斗行车记录仪高清夜视循环录像倒车影像24小时停车监控电子狗测速仪 7寸+智能导航2G流量卡+送32G卡（套餐五）X8;商品编号：28004995687;店铺： ;商品毛重：1.0kg;商品产地：中国大陆;货号：E5;拍摄角度：170°及以上;操作方式：触屏;屏幕尺寸：7英寸;分辨率：1080p;功能：夜视加强，停车监控，前后双录，电子狗，倒车影像，智能导航;款式：后视镜式;安装方式：通用双镜头,888.00,0.99,900+
121,1544111635,https://item.jd.com/1544111635.html,凌度（BLACKVIEW）智能行车记录仪高清夜视双镜头前后双录倒车影像电子狗测速导航仪一体机4.3吋星光夜视+手机查看+16G卡（套餐一）,商品名称：凌度（BLACKVIEW）智能行车记录仪 高清夜视双镜头前后双录倒车影像电子狗测速导航仪一体机 4.3吋星光夜视+手机查看+16G卡（套餐一）;商品编号：1544111635;店铺： ;商品毛重：1.2kg;商品产地：中国大陆;拍摄角度：170°及以上;操作方式：按键;屏幕尺寸：8英寸及以上;分辨率：1080p;功能：夜视加强，语音交互，停车监控，前后双录，电子狗，WIFI，轨道偏离预警，倒车影像，GPS，上网，智能导航;款式：后视镜式;安装方式：通用双镜头,299.00,0.98,2.8万+
122,1544111642,https://item.jd.com/1544111642.html,凌度（BLACKVIEW）智能行车记录仪高清夜视双镜头前后双录倒车影像电子狗测速导航仪一体机5吋无光夜视版+ADAS+32G（套餐四）,商品名称：凌度（BLACKVIEW）智能行车记录仪 高清夜视双镜头前后双录倒车影像电子狗测速导航仪一体机 5吋无光夜视版+ADAS+32G（套餐四）;商品编号：1544111642;店铺： ;商品毛重：1.2kg;商品产地：中国大陆;拍摄角度：170°及以上;操作方式：按键;屏幕尺寸：8英寸及以上;分辨率：1080p;功能：夜视加强，语音交互，停车监控，前后双录，电子狗，WIFI，轨道偏离预警，倒车影像，GPS，上网，智能导航;款式：后视镜式;安装方式：通用双镜头,389.00,0.98,2.8万+
123,1544111643,https://item.jd.com/1544111643.html,凌度（BLACKVIEW）智能行车记录仪高清夜视双镜头前后双录倒车影像电子狗测速导航仪一体机5吋无光夜视版+ADAS电子狗+16G（套餐五）,商品名称：凌度（BLACKVIEW）智能行车记录仪 高清夜视双镜头前后双录倒车影像电子狗测速导航仪一体机 5吋无光夜视版+ADAS电子狗+16G（套餐五）;商品编号：1544111643;店铺： ;商品毛重：1.2kg;商品产地：中国大陆;拍摄角度：170°及以上;操作方式：按键;屏幕尺寸：8英寸及以上;分辨率：1080p;功能：夜视加强，语音交互，停车监控，前后双录，电子狗，WIFI，轨道偏离预警，倒车影像，GPS，上网，智能导航;款式：后视镜式;安装方式：通用双镜头,439.00,0.98,2.8万+
124,1544111650,https://item.jd.com/1544111650.html,凌度（BLACKVIEW）智能行车记录仪高清夜视双镜头前后双录倒车影像电子狗测速导航仪一体机5吋无光夜视版+ADAS电子狗+32G（套餐六）,商品名称：凌度（BLACKVIEW）智能行车记录仪 高清夜视双镜头前后双录倒车影像电子狗测速导航仪一体机 5吋无光夜视版+ADAS电子狗+32G（套餐六）;商品编号：1544111650;店铺： ;商品毛重：1.2kg;商品产地：中国大陆;拍摄角度：170°及以上;操作方式：按键;屏幕尺寸：8英寸及以上;分辨率：1080p;功能：夜视加强，语音交互，停车监控，前后双录，电子狗，WIFI，轨道偏离预警，倒车影像，GPS，上网，智能导航;款式：后视镜式;安装方式：通用双镜头,469.00,0.98,2.8万+
125,1544111653,https://item.jd.com/1544111653.html,凌度（BLACKVIEW）智能行车记录仪高清夜视双镜头前后双录倒车影像电子狗测速导航仪一体机8英寸蓝牙版+导航语音声控电子狗+32G(套餐七),商品名称：凌度（BLACKVIEW）智能行车记录仪 高清夜视双镜头前后双录倒车影像电子狗测速导航仪一体机 8英寸蓝牙版+导航语音声控电子狗+32G(套餐七);商品编号：1544111653;店铺： ;商品毛重：1.2kg;商品产地：中国大陆;拍摄角度：170°及以上;操作方式：按键;屏幕尺寸：8英寸及以上;分辨率：1080p;功能：夜视加强，语音交互，停车监控，前后双录，电子狗，WIFI，轨道偏离预警，倒车影像，GPS，上网，智能导航;款式：后视镜式;安装方式：通用双镜头,788.00,0.98,2.8万+
126,1544111658,https://item.jd.com/1544111658.html,凌度（BLACKVIEW）智能行车记录仪高清夜视双镜头前后双录倒车影像电子狗测速导航仪一体机5吋无光夜视版+ADAS+16G（套餐三）,商品名称：凌度（BLACKVIEW）智能行车记录仪 高清夜视双镜头前后双录倒车影像电子狗测速导航仪一体机 5吋无光夜视版+ADAS+16G（套餐三）;商品编号：1544111658;店铺： ;商品毛重：1.2kg;商品产地：中国大陆;拍摄角度：170°及以上;操作方式：按键;屏幕尺寸：8英寸及以上;分辨率：1080p;功能：夜视加强，语音交互，停车监控，前后双录，电子狗，WIFI，轨道偏离预警，倒车影像，GPS，上网，智能导航;款式：后视镜式;安装方式：通用双镜头,359.00,0.98,2.8万+
127,1544111636,https://item.jd.com/1544111636.html,凌度（BLACKVIEW）智能行车记录仪高清夜视双镜头前后双录倒车影像电子狗测速导航仪一体机4.3吋星光夜视+手机查看+32G（套餐二）,商品名称：凌度（BLACKVIEW）智能行车记录仪 高清夜视双镜头前后双录倒车影像电子狗测速导航仪一体机 4.3吋星光夜视+手机查看+32G（套餐二）;商品编号：1544111636;店铺： ;商品毛重：1.2kg;商品产地：中国大陆;拍摄角度：170°及以上;操作方式：按键;屏幕尺寸：8英寸及以上;分辨率：1080p;功能：夜视加强，语音交互，停车监控，前后双录，电子狗，WIFI，轨道偏离预警，倒车影像，GPS，上网，智能导航;款式：后视镜式;安装方式：通用双镜头,309.00,0.98,2.8万+
128,1544111641,https://item.jd.com/1544111641.html,凌度（BLACKVIEW）智能行车记录仪高清夜视双镜头前后双录倒车影像电子狗测速导航仪一体机4.3吋官方标准版+星光夜视+32G卡（官方标配）,商品名称：凌度（BLACKVIEW）智能行车记录仪 高清夜视双镜头前后双录倒车影像电子狗测速导航仪一体机 4.3吋官方标准版+星光夜视+32G卡（官方标配）;商品编号：1544111641;店铺： ;商品毛重：1.2kg;商品产地：中国大陆;拍摄角度：170°及以上;操作方式：按键;屏幕尺寸：8英寸及以上;分辨率：1080p;功能：夜视加强，语音交互，停车监控，前后双录，电子狗，WIFI，轨道偏离预警，倒车影像，GPS，上网，智能导航;款式：后视镜式;安装方式：通用双镜头,279.00,0.98,2.8万+
129,1544111644,https://item.jd.com/1544111644.html,凌度（BLACKVIEW）智能行车记录仪高清夜视双镜头前后双录倒车影像电子狗测速导航仪一体机8英寸云镜版+4G导航微信蓝牙+32G送降压线,商品名称：凌度（BLACKVIEW）智能行车记录仪 高清夜视双镜头前后双录倒车影像电子狗测速导航仪一体机 8英寸云镜版+4G导航微信蓝牙+32G送降压线;商品编号：1544111644;店铺： ;商品毛重：1.2kg;商品产地：中国大陆;拍摄角度：170°及以上;操作方式：按键;屏幕尺寸：8英寸及以上;分辨率：1080p;功能：夜视加强，语音交互，停车监控，前后双录，电子狗，WIFI，轨道偏离预警，倒车影像，GPS，上网，智能导航;款式：后视镜式;安装方式：通用双镜头,1228.00,0.98,2.8万+
130,10651699771,https://item.jd.com/10651699771.html,保速捷z9智能中控台声控后视镜导航仪高清夜视行车记录仪双镜头云镜前后双录倒车影像一体机2018新款+4G三网通+流媒体录像+免费安装,商品名称：保速捷z9智能中控台声控后视镜导航仪高清夜视行车记录仪双镜头云镜前后双录倒车影像一体机 2018新款+4G三网通+流媒体录像+免费安装;商品编号：10651699771;店铺： ;商品毛重：500.00g;拍摄角度：170°及以上;操作方式：触屏;屏幕尺寸：8英寸及以上;分辨率：1080p;功能：夜视加强，语音交互，停车监控，前后双录，电子狗，WIFI，倒车影像，GPS，上网，智能导航;款式：中控式;安装方式：通用双镜头,3980.00,0.99,1100+
131,13443227421,https://item.jd.com/13443227421.html,保速捷z9智能中控台声控后视镜导航仪高清夜视行车记录仪双镜头云镜前后双录倒车影像一体机定制版点烟器接口[不含后录和倒车影像]【免安装】,商品名称：保速捷z9智能中控台声控后视镜导航仪高清夜视行车记录仪双镜头云镜前后双录倒车影像一体机 定制版点烟器接口[不含后录和倒车影像]【免安装】;商品编号：13443227421;店铺： ;商品毛重：500.00g;拍摄角度：170°及以上;操作方式：触屏;屏幕尺寸：8英寸及以上;分辨率：1080p;功能：夜视加强，语音交互，停车监控，前后双录，电子狗，WIFI，倒车影像，GPS，上网，智能导航;款式：中控式;安装方式：通用双镜头,3980.00,0.99,1100+
132,2529156,https://item.jd.com/2529156.html,群华（vosonic）D5专业级执法记录仪高清红外夜视便携式现场记录,商品名称：群华D5;商品编号：2529156;商品毛重：0.54kg;商品产地：中国大陆;拍摄角度：120°-149°;操作方式：按键;屏幕尺寸：2.0英寸;分辨率：1296P;功能：夜视加强;款式：执法记录仪;安装方式：通用单镜头,782.00,0.99,3600+
133,5281488,https://item.jd.com/5281488.html,群华（VOSONIC）D5执法记录仪录像机1296P高清夜视8小时超长不间断录像内置64G,商品名称：群华D5;商品编号：5281488;商品毛重：0.55kg;商品产地：中国大陆;拍摄角度：120°-149°;操作方式：按键;屏幕尺寸：2.0英寸;分辨率：1296P;功能：夜视加强;款式：执法记录仪;安装方式：通用单镜头,899.00,0.99,3600+
134,6449850,https://item.jd.com/6449850.html,群华（VOSONIC）D5执法记录仪录像机1296P高清红外夜视8小时超长不间断录像内置128G,商品名称：群华D5;商品编号：6449850;商品毛重：0.538kg;商品产地：中国大陆;拍摄角度：120°-149°;操作方式：按键;屏幕尺寸：2.0英寸;分辨率：1296P;功能：夜视加强;款式：执法记录仪;安装方式：通用单镜头,1086.00,0.99,3600+
135,5375025,https://item.jd.com/5375025.html,PAPAGO趴趴狗N291新款行车记录仪高清夜视汽车迷你隐藏式停车监控,商品名称：PAPAGO！N291;商品编号：5375025;商品毛重：400.00g;商品产地：中国大陆;操作方式：按键;屏幕尺寸：2.0英寸;拍摄角度：120°-149°;功能：夜视加强，停车监控;分辨率：1440P;安装方式：通用单镜头,449.00,0.99,8000+
136,8017087,https://item.jd.com/8017087.html,PAPAGO趴趴狗N291WiFi版1440P高清夜视加强汽车车载迷你隐藏式停车监控行车记录仪,商品名称：PAPAGO！N291WiFi;商品编号：8017087;商品毛重：340.00g;商品产地：中国大陆;拍摄角度：120°-149°;操作方式：按键;屏幕尺寸：2.0英寸;分辨率：1440P;功能：夜视加强，停车监控，WIFI;款式：隐藏式;安装方式：通用单镜头,499.00,0.99,8000+
137,18014831570,https://item.jd.com/18014831570.html,PAPAGO趴趴狗行车记录仪新款GoSafe560WiFi索尼1440P超高清夜视迷你隐藏停车监控官方标配,商品名称：PAPAGO趴趴狗行车记录仪新款GoSafe560WiFi索尼1440P超高清夜视迷你隐藏停车监控 官方标配;商品编号：18014831570;店铺： ;商品毛重：1.0kg;商品产地：中国大陆;货号：gosafe560WIFI;拍摄角度：150°-169°;操作方式：按键;屏幕尺寸：2.0英寸;分辨率：1440P;功能：夜视加强，停车监控，WIFI;款式：隐藏式;安装方式：通用单镜头,499.00,0.99,2200+
138,18015019189,https://item.jd.com/18015019189.html,PAPAGO趴趴狗行车记录仪新款GoSafe560WiFi索尼1440P超高清夜视迷你隐藏停车监控16G套餐,商品名称：PAPAGO趴趴狗行车记录仪新款GoSafe560WiFi索尼1440P超高清夜视迷你隐藏停车监控 16G套餐;商品编号：18015019189;店铺： ;商品毛重：1.0kg;商品产地：中国大陆;货号：gosafe560WIFI;拍摄角度：150°-169°;操作方式：按键;屏幕尺寸：2.0英寸;分辨率：1440P;功能：夜视加强，停车监控，WIFI;款式：隐藏式;安装方式：通用单镜头,539.00,0.99,2100+
139,18015019188,https://item.jd.com/18015019188.html,PAPAGO趴趴狗行车记录仪新款GoSafe560WiFi索尼1440P超高清夜视迷你隐藏停车监控32G套餐,商品名称：PAPAGO趴趴狗行车记录仪新款GoSafe560WiFi索尼1440P超高清夜视迷你隐藏停车监控 32G套餐;商品编号：18015019188;店铺： ;商品毛重：1.0kg;商品产地：中国大陆;货号：gosafe560WIFI;拍摄角度：150°-169°;操作方式：按键;屏幕尺寸：2.0英寸;分辨率：1440P;功能：夜视加强，停车监控，WIFI;款式：隐藏式;安装方式：通用单镜头,579.00,0.99,2100+
140,21045856051,https://item.jd.com/21045856051.html,PAPAGO趴趴狗行车记录仪新款GoSafe560WiFi索尼1440P超高清夜视迷你隐藏停车监控64G套餐,商品名称：PAPAGO趴趴狗行车记录仪新款GoSafe560WiFi索尼1440P超高清夜视迷你隐藏停车监控 64G套餐;商品编号：21045856051;店铺： ;商品毛重：1.0kg;商品产地：中国大陆;货号：gosafe560WIFI;拍摄角度：150°-169°;操作方式：按键;屏幕尺寸：2.0英寸;分辨率：1440P;功能：夜视加强，停车监控，WIFI;款式：隐藏式;安装方式：通用单镜头,679.00,0.99,2100+
141,1552906698,https://item.jd.com/1552906698.html,凌度行车记录仪双镜头高清夜视前后双录停车监控倒车影像一体机导航仪带电子狗云镜7英寸标准版+倒车影像双镜双录+32G(套餐三),商品名称：凌度 行车记录仪双镜头高清夜视 前后双录 停车监控 倒车影像一体机 导航仪带电子狗云镜 7英寸标准版+倒车影像双镜双录+32G(套餐三);商品编号：1552906698;店铺： ;商品毛重：400.00g;操作方式：触屏;屏幕尺寸：5英寸;拍摄角度：170°及以上;分辨率：1080p;安装方式：通用双镜头,329.00,0.99,2.5万+
142,1552906700,https://item.jd.com/1552906700.html,凌度行车记录仪双镜头高清夜视前后双录停车监控倒车影像一体机导航仪带电子狗云镜7英寸标准版+倒车影像双镜双录+16G(套餐二),商品名称：凌度 行车记录仪双镜头高清夜视 前后双录 停车监控 倒车影像一体机 导航仪带电子狗云镜 7英寸标准版+倒车影像双镜双录+16G(套餐二);商品编号：1552906700;店铺： ;商品毛重：400.00g;操作方式：触屏;屏幕尺寸：5英寸;拍摄角度：170°及以上;分辨率：1080p;安装方式：通用双镜头,319.00,0.99,2.5万+
143,1552906702,https://item.jd.com/1552906702.html,凌度行车记录仪双镜头高清夜视前后双录停车监控倒车影像一体机导航仪带电子狗云镜5英寸电子狗+倒车影像双镜双录+32G(套餐一),商品名称：凌度 行车记录仪双镜头高清夜视 前后双录 停车监控 倒车影像一体机 导航仪带电子狗云镜 5英寸电子狗+倒车影像双镜双录+32G(套餐一);商品编号：1552906702;店铺： ;商品毛重：400.00g;操作方式：触屏;屏幕尺寸：5英寸;拍摄角度：170°及以上;分辨率：1080p;安装方式：通用双镜头,369.00,0.99,2.5万+
144,1552906704,https://item.jd.com/1552906704.html,凌度行车记录仪双镜头高清夜视前后双录停车监控倒车影像一体机导航仪带电子狗云镜7英寸电子狗+倒车影像双镜双录+32G(套餐四),商品名称：凌度 行车记录仪双镜头高清夜视 前后双录 停车监控 倒车影像一体机 导航仪带电子狗云镜 7英寸电子狗+倒车影像双镜双录+32G(套餐四);商品编号：1552906704;店铺： ;商品毛重：400.00g;操作方式：触屏;屏幕尺寸：5英寸;拍摄角度：170°及以上;分辨率：1080p;安装方式：通用双镜头,389.00,0.99,2.5万+
145,1552906706,https://item.jd.com/1552906706.html,凌度行车记录仪双镜头高清夜视前后双录停车监控倒车影像一体机导航仪带电子狗云镜8英寸标准版+倒车影像双镜双录+32G(套餐五),商品名称：凌度 行车记录仪双镜头高清夜视 前后双录 停车监控 倒车影像一体机 导航仪带电子狗云镜 8英寸标准版+倒车影像双镜双录+32G(套餐五);商品编号：1552906706;店铺： ;商品毛重：400.00g;操作方式：触屏;屏幕尺寸：5英寸;拍摄角度：170°及以上;分辨率：1080p;安装方式：通用双镜头,419.00,0.99,2.5万+
146,1552906708,https://item.jd.com/1552906708.html,凌度行车记录仪双镜头高清夜视前后双录停车监控倒车影像一体机导航仪带电子狗云镜8英寸导航版+导航电子狗+送32G卡（套餐六）,商品名称：凌度 行车记录仪双镜头高清夜视 前后双录 停车监控 倒车影像一体机 导航仪带电子狗云镜 8英寸导航版+导航电子狗+送32G卡（套餐六）;商品编号：1552906708;店铺： ;商品毛重：400.00g;操作方式：触屏;屏幕尺寸：5英寸;拍摄角度：170°及以上;分辨率：1080p;安装方式：通用双镜头,788.00,0.99,2.5万+
147,11083805514,https://item.jd.com/11083805514.html,凌度智能行车记录仪高清夜视双镜头停车监控前后双录倒车影像全景一体机导航仪带电子狗云镜自行安装5吋升级版+1296P无光夜视+16G(套餐一),商品名称：凌度 智能行车记录仪高清夜视双镜头停车监控前后双录倒车影像全景一体机 导航仪带电子狗云镜 自行安装 5吋升级版+1296P无光夜视+16G(套餐一);商品编号：11083805514;店铺： ;商品毛重：0.55kg;商品产地：中国大陆;货号：HS998升级版;拍摄角度：170°及以上;操作方式：触屏;屏幕尺寸：8英寸及以上;分辨率：1296P;功能：夜视加强，语音交互，停车监控，前后双录，电子狗，轨道偏离预警，倒车影像，GPS，上网，智能导航;款式：后视镜式;安装方式：通用双镜头,319.00,0.98,1万+
148,11083795697,https://item.jd.com/11083795697.html,凌度智能行车记录仪高清夜视双镜头停车监控前后双录倒车影像全景一体机导航仪带电子狗云镜自行安装5吋升级版+1296P无光夜视+32G(套餐二),商品名称：凌度 智能行车记录仪高清夜视双镜头停车监控前后双录倒车影像全景一体机 导航仪带电子狗云镜 自行安装 5吋升级版+1296P无光夜视+32G(套餐二);商品编号：11083795697;店铺： ;商品毛重：0.55kg;商品产地：中国大陆;货号：HS998升级版;拍摄角度：170°及以上;操作方式：触屏;屏幕尺寸：8英寸及以上;分辨率：1296P;功能：夜视加强，语音交互，停车监控，前后双录，电子狗，轨道偏离预警，倒车影像，GPS，上网，智能导航;款式：后视镜式;安装方式：通用双镜头,329.00,0.98,1万+
149,11083848006,https://item.jd.com/11083848006.html,凌度智能行车记录仪高清夜视双镜头停车监控前后双录倒车影像全景一体机导航仪带电子狗云镜自行安装5吋监控版+1296P无光夜视+16G(套餐三),商品名称：凌度 智能行车记录仪高清夜视双镜头停车监控前后双录倒车影像全景一体机 导航仪带电子狗云镜 自行安装 5吋监控版+1296P无光夜视+16G(套餐三);商品编号：11083848006;店铺： ;商品毛重：0.55kg;商品产地：中国大陆;货号：HS998升级版;拍摄角度：170°及以上;操作方式：触屏;屏幕尺寸：8英寸及以上;分辨率：1296P;功能：夜视加强，语音交互，停车监控，前后双录，电子狗，轨道偏离预警，倒车影像，GPS，上网，智能导航;款式：后视镜式;安装方式：通用双镜头,369.00,0.98,1万+
150,11083848007,https://item.jd.com/11083848007.html,凌度智能行车记录仪高清夜视双镜头停车监控前后双录倒车影像全景一体机导航仪带电子狗云镜自行安装5吋监控版+1296P无光夜视+32G(套餐四),商品名称：凌度 智能行车记录仪高清夜视双镜头停车监控前后双录倒车影像全景一体机 导航仪带电子狗云镜 自行安装 5吋监控版+1296P无光夜视+32G(套餐四);商品编号：11083848007;店铺： ;商品毛重：0.55kg;商品产地：中国大陆;货号：HS998升级版;拍摄角度：170°及以上;操作方式：触屏;屏幕尺寸：8英寸及以上;分辨率：1296P;功能：夜视加强，语音交互，停车监控，前后双录，电子狗，轨道偏离预警，倒车影像，GPS，上网，智能导航;款式：后视镜式;安装方式：通用双镜头,389.00,0.98,1万+
151,11084079195,https://item.jd.com/11084079195.html,凌度智能行车记录仪高清夜视双镜头停车监控前后双录倒车影像全景一体机导航仪带电子狗云镜自行安装8英寸蓝牙版+导航云电子狗声控+16G(套餐五),商品名称：凌度 智能行车记录仪高清夜视双镜头停车监控前后双录倒车影像全景一体机 导航仪带电子狗云镜 自行安装 8英寸蓝牙版+导航云电子狗声控+16G(套餐五);商品编号：11084079195;店铺： ;商品毛重：0.55kg;商品产地：中国大陆;货号：HS998升级版;拍摄角度：170°及以上;操作方式：触屏;屏幕尺寸：8英寸及以上;分辨率：1296P;功能：夜视加强，语音交互，停车监控，前后双录，电子狗，轨道偏离预警，倒车影像，GPS，上网，智能导航;款式：后视镜式;安装方式：通用双镜头,729.00,0.98,1万+
152,11083996870,https://item.jd.com/11083996870.html,凌度智能行车记录仪高清夜视双镜头停车监控前后双录倒车影像全景一体机导航仪带电子狗云镜自行安装8英寸蓝牙版+导航云电子狗声控+32G(套餐六),商品名称：凌度 智能行车记录仪高清夜视双镜头停车监控前后双录倒车影像全景一体机 导航仪带电子狗云镜 自行安装 8英寸蓝牙版+导航云电子狗声控+32G(套餐六);商品编号：11083996870;店铺： ;商品毛重：0.55kg;商品产地：中国大陆;货号：HS998升级版;拍摄角度：170°及以上;操作方式：触屏;屏幕尺寸：8英寸及以上;分辨率：1296P;功能：夜视加强，语音交互，停车监控，前后双录，电子狗，轨道偏离预警，倒车影像，GPS，上网，智能导航;款式：后视镜式;安装方式：通用双镜头,749.00,0.98,1万+
153,11084253950,https://item.jd.com/11084253950.html,凌度智能行车记录仪高清夜视双镜头停车监控前后双录倒车影像全景一体机导航仪带电子狗云镜自行安装8英寸云镜版+4G导航微信蓝牙+16G(套餐七),商品名称：凌度 智能行车记录仪高清夜视双镜头停车监控前后双录倒车影像全景一体机 导航仪带电子狗云镜 自行安装 8英寸云镜版+4G导航微信蓝牙+16G(套餐七);商品编号：11084253950;店铺： ;商品毛重：0.55kg;商品产地：中国大陆;货号：HS998升级版;拍摄角度：170°及以上;操作方式：触屏;屏幕尺寸：8英寸及以上;分辨率：1296P;功能：夜视加强，语音交互，停车监控，前后双录，电子狗，轨道偏离预警，倒车影像，GPS，上网，智能导航;款式：后视镜式;安装方式：通用双镜头,1060.00,0.98,1万+
154,11084258125,https://item.jd.com/11084258125.html,凌度智能行车记录仪高清夜视双镜头停车监控前后双录倒车影像全景一体机导航仪带电子狗云镜自行安装8英寸云镜版+4G导航微信蓝牙+32G(套餐八),商品名称：凌度 智能行车记录仪高清夜视双镜头停车监控前后双录倒车影像全景一体机 导航仪带电子狗云镜 自行安装 8英寸云镜版+4G导航微信蓝牙+32G(套餐八);商品编号：11084258125;店铺： ;商品毛重：0.55kg;商品产地：中国大陆;货号：HS998升级版;拍摄角度：170°及以上;操作方式：触屏;屏幕尺寸：8英寸及以上;分辨率：1296P;功能：夜视加强，语音交互，停车监控，前后双录，电子狗，轨道偏离预警，倒车影像，GPS，上网，智能导航;款式：后视镜式;安装方式：通用双镜头,1080.00,0.98,1万+
155,5959910,https://item.jd.com/5959910.html,执法1号DSJ-V8高清记录仪高清红外夜视1296P现场记录仪（16G内存版）,商品名称：执法1号DSJ-V8;商品编号：5959910;商品毛重：1.2kg;商品产地：中国大陆;货号：DSJ-V8;拍摄角度：170°及以上;操作方式：按键;屏幕尺寸：2.0英寸;分辨率：1296P;功能：夜视加强;款式：执法记录仪;安装方式：通用单镜头,1280.00,1.0,200+
156,5907343,https://item.jd.com/5907343.html,执法1号DSJ-V8高清记录仪高清红外夜视1296P现场记录仪（32G内存版）,商品名称：执法1号DSJ-V8;商品编号：5907343;商品毛重：0.58kg;商品产地：中国大陆;货号：DSJ-V8;拍摄角度：170°及以上;操作方式：按键;屏幕尺寸：2.0英寸;分辨率：1296P;功能：夜视加强;款式：执法记录仪;安装方式：通用单镜头,1380.00,1.0,200+
157,5907369,https://item.jd.com/5907369.html,执法1号DSJ-V8高清记录仪高清红外夜视1296P现场记录仪（64G内存版）,商品名称：执法1号DSJ-V8;商品编号：5907369;商品毛重：1.2kg;商品产地：中国大陆;货号：DSJ-V8;拍摄角度：170°及以上;操作方式：按键;屏幕尺寸：2.0英寸;分辨率：1296P;功能：夜视加强;款式：执法记录仪;安装方式：通用单镜头,1480.00,1.0,200+
158,5907341,https://item.jd.com/5907341.html,执法1号DSJ-V8高清记录仪高清红外夜视1296P现场记录仪（128G内存版）,商品名称：执法1号DSJ-V8;商品编号：5907341;商品毛重：1.2kg;商品产地：中国大陆;货号：DSJ-V8;拍摄角度：170°及以上;操作方式：按键;屏幕尺寸：2.0英寸;分辨率：1296P;功能：夜视加强;款式：执法记录仪;安装方式：通用单镜头,1680.00,1.0,200+
159,5375025,https://item.jd.com/5375025.html,PAPAGO趴趴狗N291新款行车记录仪高清夜视汽车迷你隐藏式停车监控,商品名称：PAPAGO！N291;商品编号：5375025;商品毛重：400.00g;商品产地：中国大陆;操作方式：按键;屏幕尺寸：2.0英寸;拍摄角度：120°-149°;功能：夜视加强，停车监控;分辨率：1440P;安装方式：通用单镜头,449.00,0.99,8000+
160,8017087,https://item.jd.com/8017087.html,PAPAGO趴趴狗N291WiFi版1440P高清夜视加强汽车车载迷你隐藏式停车监控行车记录仪,商品名称：PAPAGO！N291WiFi;商品编号：8017087;商品毛重：340.00g;商品产地：中国大陆;拍摄角度：120°-149°;操作方式：按键;屏幕尺寸：2.0英寸;分辨率：1440P;功能：夜视加强，停车监控，WIFI;款式：隐藏式;安装方式：通用单镜头,499.00,0.99,8000+
161,1586385036,https://item.jd.com/1586385036.html,丁威特7英寸3录4G中控台行车记录仪导航仪语音声控双镜头带电子狗高德地图高清夜视一体机16G+4G声控蓝牙导航电子狗双录一体机无光夜视,商品名称：丁威特 7英寸3录4G中控台行车记录仪导航仪语音声控双镜头带电子狗高德地图高清夜视一体机 16G+4G声控蓝牙导航电子狗双录一体机无光夜视;商品编号：1586385036;店铺： ;商品毛重：300.00g;货号：U11;拍摄角度：150°-169°;操作方式：触屏;屏幕尺寸：7英寸;分辨率：1080p;功能：夜视加强，语音交互，停车监控，前后双录，电子狗，WIFI，轨道偏离预警，倒车影像，GPS，上网，智能导航;款式：卡片机;安装方式：通用双镜头,599.00,0.97,1.6万+
162,1681453042,https://item.jd.com/1681453042.html,丁威特7英寸3录4G中控台行车记录仪导航仪语音声控双镜头带电子狗高德地图高清夜视一体机32G+4G声控蓝牙导航电子狗双录一体机无光夜视,商品名称：丁威特 7英寸3录4G中控台行车记录仪导航仪语音声控双镜头带电子狗高德地图高清夜视一体机 32G+4G声控蓝牙导航电子狗双录一体机无光夜视;商品编号：1681453042;店铺： ;商品毛重：300.00g;货号：U11;拍摄角度：150°-169°;操作方式：触屏;屏幕尺寸：7英寸;分辨率：1080p;功能：夜视加强，语音交互，停车监控，前后双录，电子狗，WIFI，轨道偏离预警，倒车影像，GPS，上网，智能导航;款式：卡片机;安装方式：通用双镜头,659.00,0.97,1.6万+
163,1681453043,https://item.jd.com/1681453043.html,丁威特7英寸3录4G中控台行车记录仪导航仪语音声控双镜头带电子狗高德地图高清夜视一体机16G+4G声控蓝牙导航电子狗三录一体机右录三录,商品名称：丁威特 7英寸3录4G中控台行车记录仪导航仪语音声控双镜头带电子狗高德地图高清夜视一体机 16G+4G声控蓝牙导航电子狗三录一体机右录三录;商品编号：1681453043;店铺： ;商品毛重：300.00g;货号：U11;拍摄角度：150°-169°;操作方式：触屏;屏幕尺寸：7英寸;分辨率：1080p;功能：夜视加强，语音交互，停车监控，前后双录，电子狗，WIFI，轨道偏离预警，倒车影像，GPS，上网，智能导航;款式：卡片机;安装方式：通用双镜头,749.00,0.97,1.6万+
164,10062933935,https://item.jd.com/10062933935.html,丁威特7英寸3录4G中控台行车记录仪导航仪语音声控双镜头带电子狗高德地图高清夜视一体机16G+4G声控蓝牙导航电子狗双录一体机流媒体后录,商品名称：丁威特 7英寸3录4G中控台行车记录仪导航仪语音声控双镜头带电子狗高德地图高清夜视一体机 16G+4G声控蓝牙导航电子狗双录一体机流媒体后录;商品编号：10062933935;店铺： ;商品毛重：300.00g;货号：U11;拍摄角度：150°-169°;操作方式：触屏;屏幕尺寸：7英寸;分辨率：1080p;功能：夜视加强，语音交互，停车监控，前后双录，电子狗，WIFI，轨道偏离预警，倒车影像，GPS，上网，智能导航;款式：卡片机;安装方式：通用双镜头,679.00,0.97,1.6万+
165,10239843088,https://item.jd.com/10239843088.html,丁威特7英寸3录4G中控台行车记录仪导航仪语音声控双镜头带电子狗高德地图高清夜视一体机32G+4G声控蓝牙导航电子狗三录一体机右录三录,商品名称：丁威特 7英寸3录4G中控台行车记录仪导航仪语音声控双镜头带电子狗高德地图高清夜视一体机 32G+4G声控蓝牙导航电子狗三录一体机右录三录;商品编号：10239843088;店铺： ;商品毛重：300.00g;货号：U11;拍摄角度：150°-169°;操作方式：触屏;屏幕尺寸：7英寸;分辨率：1080p;功能：夜视加强，语音交互，停车监控，前后双录，电子狗，WIFI，轨道偏离预警，倒车影像，GPS，上网，智能导航;款式：卡片机;安装方式：通用双镜头,809.00,0.97,1.6万+
166,10239843089,https://item.jd.com/10239843089.html,丁威特7英寸3录4G中控台行车记录仪导航仪语音声控双镜头带电子狗高德地图高清夜视一体机32G+4G声控蓝牙导航电子狗双录一体机流媒体后录,商品名称：丁威特 7英寸3录4G中控台行车记录仪导航仪语音声控双镜头带电子狗高德地图高清夜视一体机 32G+4G声控蓝牙导航电子狗双录一体机流媒体后录;商品编号：10239843089;店铺： ;商品毛重：300.00g;货号：U11;拍摄角度：150°-169°;操作方式：触屏;屏幕尺寸：7英寸;分辨率：1080p;功能：夜视加强，语音交互，停车监控，前后双录，电子狗，WIFI，轨道偏离预警，倒车影像，GPS，上网，智能导航;款式：卡片机;安装方式：通用双镜头,719.00,0.97,1.6万+
167,27261129707,https://item.jd.com/27261129707.html,捷渡（JADO）新款行车记录仪双镜头高清夜视全景倒车影像24小时监控测速电子狗一体无光夜视+官方标配+无卡,商品名称：捷渡（JADO）新款行车记录仪双镜头高清夜视全景倒车影像24小时监控测速电子狗一体 无光夜视+官方标配+无卡;商品编号：27261129707;店铺： ;商品毛重：500.00g;货号：D530;拍摄角度：120°-149°;操作方式：触屏;屏幕尺寸：8英寸及以上;分辨率：1080p;功能：夜视加强，语音交互，停车监控，前后双录，电子狗，WIFI，轨道偏离预警，倒车影像，GPS，上网，智能导航;款式：后视镜式;安装方式：通用双镜头,399.00,0.98,3100+
168,27261129708,https://item.jd.com/27261129708.html,捷渡（JADO）新款行车记录仪双镜头高清夜视全景倒车影像24小时监控测速电子狗一体无光夜视+单镜头+16G,商品名称：捷渡（JADO）新款行车记录仪双镜头高清夜视全景倒车影像24小时监控测速电子狗一体 无光夜视+单镜头+16G;商品编号：27261129708;店铺： ;商品毛重：500.00g;货号：D530;拍摄角度：120°-149°;操作方式：触屏;屏幕尺寸：8英寸及以上;分辨率：1080p;功能：夜视加强，语音交互，停车监控，前后双录，电子狗，WIFI，轨道偏离预警，倒车影像，GPS，上网，智能导航;款式：后视镜式;安装方式：通用双镜头,459.00,0.98,3100+
169,27261129709,https://item.jd.com/27261129709.html,捷渡（JADO）新款行车记录仪双镜头高清夜视全景倒车影像24小时监控测速电子狗一体无光夜视+双镜头+32G,商品名称：捷渡（JADO）新款行车记录仪双镜头高清夜视全景倒车影像24小时监控测速电子狗一体 无光夜视+双镜头+32G;商品编号：27261129709;店铺： ;商品毛重：500.00g;货号：D530;拍摄角度：120°-149°;操作方式：触屏;屏幕尺寸：8英寸及以上;分辨率：1080p;功能：夜视加强，语音交互，停车监控，前后双录，电子狗，WIFI，轨道偏离预警，倒车影像，GPS，上网，智能导航;款式：后视镜式;安装方式：通用双镜头,599.00,0.98,3100+
170,27261129710,https://item.jd.com/27261129710.html,捷渡（JADO）新款行车记录仪双镜头高清夜视全景倒车影像24小时监控测速电子狗一体声控导航版+单镜头+无卡,商品名称：捷渡（JADO）新款行车记录仪双镜头高清夜视全景倒车影像24小时监控测速电子狗一体 声控导航版+单镜头+无卡;商品编号：27261129710;店铺： ;商品毛重：500.00g;货号：D530;拍摄角度：120°-149°;操作方式：触屏;屏幕尺寸：8英寸及以上;分辨率：1080p;功能：夜视加强，语音交互，停车监控，前后双录，电子狗，WIFI，轨道偏离预警，倒车影像，GPS，上网，智能导航;款式：后视镜式;安装方式：通用双镜头,619.00,0.98,3100+
171,27261129711,https://item.jd.com/27261129711.html,捷渡（JADO）新款行车记录仪双镜头高清夜视全景倒车影像24小时监控测速电子狗一体声控导航版+单镜头+16G,商品名称：捷渡（JADO）新款行车记录仪双镜头高清夜视全景倒车影像24小时监控测速电子狗一体 声控导航版+单镜头+16G;商品编号：27261129711;店铺： ;商品毛重：500.00g;货号：D530;拍摄角度：120°-149°;操作方式：触屏;屏幕尺寸：8英寸及以上;分辨率：1080p;功能：夜视加强，语音交互，停车监控，前后双录，电子狗，WIFI，轨道偏离预警，倒车影像，GPS，上网，智能导航;款式：后视镜式;安装方式：通用双镜头,659.00,0.98,3100+
172,27261129712,https://item.jd.com/27261129712.html,捷渡（JADO）新款行车记录仪双镜头高清夜视全景倒车影像24小时监控测速电子狗一体声控导航版+双镜头+32G,商品名称：捷渡（JADO）新款行车记录仪双镜头高清夜视全景倒车影像24小时监控测速电子狗一体 声控导航版+双镜头+32G;商品编号：27261129712;店铺： ;商品毛重：500.00g;货号：D530;拍摄角度：120°-149°;操作方式：触屏;屏幕尺寸：8英寸及以上;分辨率：1080p;功能：夜视加强，语音交互，停车监控，前后双录，电子狗，WIFI，轨道偏离预警，倒车影像，GPS，上网，智能导航;款式：后视镜式;安装方式：通用双镜头,809.00,0.98,3100+
173,27261129713,https://item.jd.com/27261129713.html,捷渡（JADO）新款行车记录仪双镜头高清夜视全景倒车影像24小时监控测速电子狗一体联网高清+单镜头+无卡,商品名称：捷渡（JADO）新款行车记录仪双镜头高清夜视全景倒车影像24小时监控测速电子狗一体 联网高清+单镜头+无卡;商品编号：27261129713;店铺： ;商品毛重：500.00g;货号：D530;拍摄角度：120°-149°;操作方式：触屏;屏幕尺寸：8英寸及以上;分辨率：1080p;功能：夜视加强，语音交互，停车监控，前后双录，电子狗，WIFI，轨道偏离预警，倒车影像，GPS，上网，智能导航;款式：后视镜式;安装方式：通用双镜头,669.00,0.98,3100+
174,27261129714,https://item.jd.com/27261129714.html,捷渡（JADO）新款行车记录仪双镜头高清夜视全景倒车影像24小时监控测速电子狗一体联网高清+单镜头+16G,商品名称：捷渡（JADO）新款行车记录仪双镜头高清夜视全景倒车影像24小时监控测速电子狗一体 联网高清+单镜头+16G;商品编号：27261129714;店铺： ;商品毛重：500.00g;货号：D530;拍摄角度：120°-149°;操作方式：触屏;屏幕尺寸：8英寸及以上;分辨率：1080p;功能：夜视加强，语音交互，停车监控，前后双录，电子狗，WIFI，轨道偏离预警，倒车影像，GPS，上网，智能导航;款式：后视镜式;安装方式：通用双镜头,759.00,0.98,3100+
175,27261129715,https://item.jd.com/27261129715.html,捷渡（JADO）新款行车记录仪双镜头高清夜视全景倒车影像24小时监控测速电子狗一体联网高清+双镜头+32G,商品名称：捷渡（JADO）新款行车记录仪双镜头高清夜视全景倒车影像24小时监控测速电子狗一体 联网高清+双镜头+32G;商品编号：27261129715;店铺： ;商品毛重：500.00g;货号：D530;拍摄角度：120°-149°;操作方式：触屏;屏幕尺寸：8英寸及以上;分辨率：1080p;功能：夜视加强，语音交互，停车监控，前后双录，电子狗，WIFI，轨道偏离预警，倒车影像，GPS，上网，智能导航;款式：后视镜式;安装方式：通用双镜头,849.00,0.98,3100+
176,16379100282,https://item.jd.com/16379100282.html,保速捷Z9中控台式声控导航仪行车记录仪双镜头高清无光夜视云电子狗倒车影像微信监控防盗WIFI一体机可做定制版，定制货车专用或点烟器接口,商品名称：保速捷Z9中控台式声控导航仪行车记录仪双镜头高清无光夜视云电子狗倒车影像微信监控防盗WIFI一体机 可做定制版，定制货车专用或点烟器接口;商品编号：16379100282;店铺： ;商品毛重：1.0kg;拍摄角度：170°及以上;操作方式：触屏;屏幕尺寸：8英寸及以上;分辨率：1080p;功能：夜视加强，语音交互，停车监控，前后双录，电子狗，WIFI，倒车影像，GPS，上网，智能导航;款式：中控式;安装方式：通用双镜头,3980.00,0.98,300+
177,10963055043,https://item.jd.com/10963055043.html,保速捷Z9中控台式声控导航仪行车记录仪双镜头高清无光夜视云电子狗倒车影像微信监控防盗WIFI一体机18新款4G三网通+流媒体录像+停车监控+免费安装,商品名称：保速捷Z9中控台式声控导航仪行车记录仪双镜头高清无光夜视云电子狗倒车影像微信监控防盗WIFI一体机 18新款4G三网通+流媒体录像+停车监控+免费安装;商品编号：10963055043;店铺： ;商品毛重：1.0kg;拍摄角度：170°及以上;操作方式：触屏;屏幕尺寸：8英寸及以上;分辨率：1080p;功能：夜视加强，语音交互，停车监控，前后双录，电子狗，WIFI，倒车影像，GPS，上网，智能导航;款式：中控式;安装方式：通用双镜头,3980.00,0.98,300+
178,25876358335,https://item.jd.com/25876358335.html,凌度智能行车记录仪高清夜视双镜头停车监控前后双录倒车影像后视镜一体机导航仪带电子狗云镜8英寸触屏版+前后双录停车监控+32G(标配),商品名称：凌度 智能行车记录仪高清夜视双镜头停车监控前后双录倒车影像后视镜一体机 导航仪带电子狗云镜 8英寸触屏版+前后双录停车监控+32G(标配);商品编号：25876358335;店铺： ;商品毛重：500.00g;货号：HS升级版;拍摄角度：170°及以上;操作方式：触屏;屏幕尺寸：8英寸及以上;分辨率：1296P;功能：夜视加强，语音交互，停车监控，前后双录，电子狗，WIFI，轨道偏离预警，倒车影像，GPS，上网，智能导航;款式：后视镜式;安装方式：通用双镜头,439.00,0.99,8600+
179,25876358336,https://item.jd.com/25876358336.html,凌度智能行车记录仪高清夜视双镜头停车监控前后双录倒车影像后视镜一体机导航仪带电子狗云镜8英寸触屏版+前后双录停车监控+16G(套餐一),商品名称：凌度 智能行车记录仪高清夜视双镜头停车监控前后双录倒车影像后视镜一体机 导航仪带电子狗云镜 8英寸触屏版+前后双录停车监控+16G(套餐一);商品编号：25876358336;店铺： ;商品毛重：500.00g;货号：HS升级版;拍摄角度：170°及以上;操作方式：触屏;屏幕尺寸：8英寸及以上;分辨率：1296P;功能：夜视加强，语音交互，停车监控，前后双录，电子狗，WIFI，轨道偏离预警，倒车影像，GPS，上网，智能导航;款式：后视镜式;安装方式：通用双镜头,439.00,0.99,8600+
180,25876358337,https://item.jd.com/25876358337.html,凌度智能行车记录仪高清夜视双镜头停车监控前后双录倒车影像后视镜一体机导航仪带电子狗云镜8英寸监控版+前后双录停车监控+32G(套餐二,商品名称：凌度 智能行车记录仪高清夜视双镜头停车监控前后双录倒车影像后视镜一体机 导航仪带电子狗云镜 8英寸监控版+前后双录停车监控+32G(套餐二;商品编号：25876358337;店铺： ;商品毛重：500.00g;货号：HS升级版;拍摄角度：170°及以上;操作方式：触屏;屏幕尺寸：8英寸及以上;分辨率：1296P;功能：夜视加强，语音交互，停车监控，前后双录，电子狗，WIFI，轨道偏离预警，倒车影像，GPS，上网，智能导航;款式：后视镜式;安装方式：通用双镜头,469.00,0.99,8600+
181,25876358338,https://item.jd.com/25876358338.html,凌度智能行车记录仪高清夜视双镜头停车监控前后双录倒车影像后视镜一体机导航仪带电子狗云镜8英寸蓝牙版+导航云电子狗声控+16G(套餐三),商品名称：凌度 智能行车记录仪高清夜视双镜头停车监控前后双录倒车影像后视镜一体机 导航仪带电子狗云镜 8英寸蓝牙版+导航云电子狗声控+16G(套餐三);商品编号：25876358338;店铺： ;商品毛重：500.00g;货号：HS升级版;拍摄角度：170°及以上;操作方式：触屏;屏幕尺寸：8英寸及以上;分辨率：1296P;功能：夜视加强，语音交互，停车监控，前后双录，电子狗，WIFI，轨道偏离预警，倒车影像，GPS，上网，智能导航;款式：后视镜式;安装方式：通用双镜头,799.00,0.99,8600+
182,25876358339,https://item.jd.com/25876358339.html,凌度智能行车记录仪高清夜视双镜头停车监控前后双录倒车影像后视镜一体机导航仪带电子狗云镜8英寸蓝牙版+导航云电子狗声控+32G(套餐四),商品名称：凌度 智能行车记录仪高清夜视双镜头停车监控前后双录倒车影像后视镜一体机 导航仪带电子狗云镜 8英寸蓝牙版+导航云电子狗声控+32G(套餐四);商品编号：25876358339;店铺： ;商品毛重：500.00g;货号：HS升级版;拍摄角度：170°及以上;操作方式：触屏;屏幕尺寸：8英寸及以上;分辨率：1296P;功能：夜视加强，语音交互，停车监控，前后双录，电子狗，WIFI，轨道偏离预警，倒车影像，GPS，上网，智能导航;款式：后视镜式;安装方式：通用双镜头,839.00,0.99,8600+
183,25876358340,https://item.jd.com/25876358340.html,凌度智能行车记录仪高清夜视双镜头停车监控前后双录倒车影像后视镜一体机导航仪带电子狗云镜8英寸云镜版+4G导航微信流媒体+16G(套餐五),商品名称：凌度 智能行车记录仪高清夜视双镜头停车监控前后双录倒车影像后视镜一体机 导航仪带电子狗云镜 8英寸云镜版+4G导航微信流媒体+16G(套餐五);商品编号：25876358340;店铺： ;商品毛重：500.00g;货号：HS升级版;拍摄角度：170°及以上;操作方式：触屏;屏幕尺寸：8英寸及以上;分辨率：1296P;功能：夜视加强，语音交互，停车监控，前后双录，电子狗，WIFI，轨道偏离预警，倒车影像，GPS，上网，智能导航;款式：后视镜式;安装方式：通用双镜头,1199.00,0.99,8600+
184,26746294210,https://item.jd.com/26746294210.html,凌度智能行车记录仪高清夜视双镜头停车监控前后双录倒车影像后视镜一体机导航仪带电子狗云镜8英寸云镜版+4G导航微信流媒体+32G(套餐六),商品名称：凌度 智能行车记录仪高清夜视双镜头停车监控前后双录倒车影像后视镜一体机 导航仪带电子狗云镜 8英寸云镜版+4G导航微信流媒体+32G(套餐六);商品编号：26746294210;店铺： ;商品毛重：500.00g;货号：HS升级版;拍摄角度：170°及以上;操作方式：触屏;屏幕尺寸：8英寸及以上;分辨率：1296P;功能：夜视加强，语音交互，停车监控，前后双录，电子狗，WIFI，轨道偏离预警，倒车影像，GPS，上网，智能导航;款式：后视镜式;安装方式：通用双镜头,1269.00,0.99,8600+
185,26436573978,https://item.jd.com/26436573978.html,丁威特2018新款行车记录仪电子狗一体机高清夜视双镜头倒车影像车载隐藏式雷达流动固定智能测速仪智能云电子狗+高精度雷达+自动升级单镜头版标配+送16G,商品名称：丁威特 2018新款行车记录仪电子狗一体机 高清夜视双镜头倒车影像车载隐藏式 雷达流动固定智能测速仪 智能云电子狗+高精度雷达+自动升级 单镜头版 标配+送16G;商品编号：26436573978;店铺： ;商品毛重：0.55kg;商品产地：中国大陆;货号：DVT-G71;拍摄角度：170°及以上;操作方式：按键;屏幕尺寸：2.4英寸;分辨率：1080p;功能：夜视加强，停车监控，前后双录，电子狗;款式：隐藏式;安装方式：通用双镜头,399.00,0.99,1400+
186,28539214419,https://item.jd.com/28539214419.html,丁威特2018新款行车记录仪电子狗一体机高清夜视双镜头倒车影像车载隐藏式雷达流动固定智能测速仪普通电子狗+高精度雷达+终身免费升级单镜头版标配+送16G,商品名称：丁威特 2018新款行车记录仪电子狗一体机 高清夜视双镜头倒车影像车载隐藏式 雷达流动固定智能测速仪 普通电子狗+高精度雷达+终身免费升级 单镜头版 标配+送16G;商品编号：28539214419;店铺： ;商品毛重：0.55kg;商品产地：中国大陆;货号：DVT-G71;拍摄角度：170°及以上;操作方式：按键;屏幕尺寸：2.4英寸;分辨率：1080p;功能：夜视加强，停车监控，前后双录，电子狗;款式：隐藏式;安装方式：通用双镜头,299.00,0.99,1400+
187,28539214422,https://item.jd.com/28539214422.html,丁威特2018新款行车记录仪电子狗一体机高清夜视双镜头倒车影像车载隐藏式雷达流动固定智能测速仪普通电子狗+高精度雷达+终身免费升级双镜头版标配+送16G,商品名称：丁威特 2018新款行车记录仪电子狗一体机 高清夜视双镜头倒车影像车载隐藏式 雷达流动固定智能测速仪 普通电子狗+高精度雷达+终身免费升级 双镜头版 标配+送16G;商品编号：28539214422;店铺： ;商品毛重：0.55kg;商品产地：中国大陆;货号：DVT-G71;拍摄角度：170°及以上;操作方式：按键;屏幕尺寸：2.4英寸;分辨率：1080p;功能：夜视加强，停车监控，前后双录，电子狗;款式：隐藏式;安装方式：通用双镜头,399.00,0.99,1400+
188,26436573978,https://item.jd.com/26436573978.html,丁威特2018新款行车记录仪电子狗一体机高清夜视双镜头倒车影像车载隐藏式雷达流动固定智能测速仪智能云电子狗+高精度雷达+自动升级单镜头版标配+送16G,商品名称：丁威特 2018新款行车记录仪电子狗一体机 高清夜视双镜头倒车影像车载隐藏式 雷达流动固定智能测速仪 智能云电子狗+高精度雷达+自动升级 单镜头版 标配+送16G;商品编号：26436573978;店铺： ;商品毛重：0.55kg;商品产地：中国大陆;货号：DVT-G71;拍摄角度：170°及以上;操作方式：按键;屏幕尺寸：2.4英寸;分辨率：1080p;功能：夜视加强，停车监控，前后双录，电子狗;款式：隐藏式;安装方式：通用双镜头,399.00,0.99,1400+
189,28539214420,https://item.jd.com/28539214420.html,丁威特2018新款行车记录仪电子狗一体机高清夜视双镜头倒车影像车载隐藏式雷达流动固定智能测速仪普通电子狗+高精度雷达+终身免费升级单镜头版标配+32g卡,商品名称：丁威特 2018新款行车记录仪电子狗一体机 高清夜视双镜头倒车影像车载隐藏式 雷达流动固定智能测速仪 普通电子狗+高精度雷达+终身免费升级 单镜头版 标配+32g卡;商品编号：28539214420;店铺： ;商品毛重：0.55kg;商品产地：中国大陆;货号：DVT-G71;拍摄角度：170°及以上;操作方式：按键;屏幕尺寸：2.4英寸;分辨率：1080p;功能：夜视加强，停车监控，前后双录，电子狗;款式：隐藏式;安装方式：通用双镜头,339.00,0.99,1400+
190,28539214418,https://item.jd.com/28539214418.html,丁威特2018新款行车记录仪电子狗一体机高清夜视双镜头倒车影像车载隐藏式雷达流动固定智能测速仪智能云电子狗+高精度雷达+自动升级单镜头版标配+无卡,商品名称：丁威特 2018新款行车记录仪电子狗一体机 高清夜视双镜头倒车影像车载隐藏式 雷达流动固定智能测速仪 智能云电子狗+高精度雷达+自动升级 单镜头版 标配+无卡;商品编号：28539214418;店铺： ;商品毛重：0.55kg;商品产地：中国大陆;货号：DVT-G71;拍摄角度：170°及以上;操作方式：按键;屏幕尺寸：2.4英寸;分辨率：1080p;功能：夜视加强，停车监控，前后双录，电子狗;款式：隐藏式;安装方式：通用双镜头,369.00,0.99,1400+
191,28984546116,https://item.jd.com/28984546116.html,丁威特智能导航双镜头前后双录行车记录仪高清夜视加强停车监控倒车影像语音交互行车记录仪电子狗一体机标配套餐单镜头前录+标配无卡,商品名称：丁威特 智能导航双镜头前后双录行车记录仪高清夜视加强停车监控 倒车影像语音交互行车记录仪电子狗一体机 标配套餐 单镜头前录+标配无卡;商品编号：28984546116;店铺： ;商品毛重：100.00g;货号：T02;拍摄角度：170°及以上;操作方式：触屏;屏幕尺寸：8英寸及以上;分辨率：1080p;功能：夜视加强，语音交互，停车监控，前后双录，电子狗，WIFI，倒车影像，GPS，上网，智能导航;款式：后视镜式;安装方式：通用双镜头,349.00,0.99,700+
192,28984546117,https://item.jd.com/28984546117.html,丁威特智能导航双镜头前后双录行车记录仪高清夜视加强停车监控倒车影像语音交互行车记录仪电子狗一体机套餐一单镜头前录+16G内存卡,商品名称：丁威特 智能导航双镜头前后双录行车记录仪高清夜视加强停车监控 倒车影像语音交互行车记录仪电子狗一体机 套餐一 单镜头前录+16G内存卡;商品编号：28984546117;店铺： ;商品毛重：100.00g;货号：T02;拍摄角度：170°及以上;操作方式：触屏;屏幕尺寸：8英寸及以上;分辨率：1080p;功能：夜视加强，语音交互，停车监控，前后双录，电子狗，WIFI，倒车影像，GPS，上网，智能导航;款式：后视镜式;安装方式：通用双镜头,399.00,0.99,700+
193,28984546118,https://item.jd.com/28984546118.html,丁威特智能导航双镜头前后双录行车记录仪高清夜视加强停车监控倒车影像语音交互行车记录仪电子狗一体机套餐二双镜头前后双录+16G内存卡,商品名称：丁威特 智能导航双镜头前后双录行车记录仪高清夜视加强停车监控 倒车影像语音交互行车记录仪电子狗一体机 套餐二 双镜头前后双录+16G内存卡;商品编号：28984546118;店铺： ;商品毛重：100.00g;货号：T02;拍摄角度：170°及以上;操作方式：触屏;屏幕尺寸：8英寸及以上;分辨率：1080p;功能：夜视加强，语音交互，停车监控，前后双录，电子狗，WIFI，倒车影像，GPS，上网，智能导航;款式：后视镜式;安装方式：通用双镜头,459.00,0.99,700+
194,28984546119,https://item.jd.com/28984546119.html,丁威特智能导航双镜头前后双录行车记录仪高清夜视加强停车监控倒车影像语音交互行车记录仪电子狗一体机套餐三双镜头前后双录+32G内存卡,商品名称：丁威特 智能导航双镜头前后双录行车记录仪高清夜视加强停车监控 倒车影像语音交互行车记录仪电子狗一体机 套餐三 双镜头前后双录+32G内存卡;商品编号：28984546119;店铺： ;商品毛重：100.00g;货号：T02;拍摄角度：170°及以上;操作方式：触屏;屏幕尺寸：8英寸及以上;分辨率：1080p;功能：夜视加强，语音交互，停车监控，前后双录，电子狗，WIFI，倒车影像，GPS，上网，智能导航;款式：后视镜式;安装方式：通用双镜头,499.00,0.99,700+
195,28984546120,https://item.jd.com/28984546120.html,丁威特智能导航双镜头前后双录行车记录仪高清夜视加强停车监控倒车影像语音交互行车记录仪电子狗一体机套餐四双镜头前后双录+流媒体后录+16G卡,商品名称：丁威特 智能导航双镜头前后双录行车记录仪高清夜视加强停车监控 倒车影像语音交互行车记录仪电子狗一体机 套餐四 双镜头前后双录+流媒体后录+16G卡;商品编号：28984546120;店铺： ;商品毛重：100.00g;货号：T02;拍摄角度：170°及以上;操作方式：触屏;屏幕尺寸：8英寸及以上;分辨率：1080p;功能：夜视加强，语音交互，停车监控，前后双录，电子狗，WIFI，倒车影像，GPS，上网，智能导航;款式：后视镜式;安装方式：通用双镜头,519.00,0.99,700+
196,28984546121,https://item.jd.com/28984546121.html,丁威特智能导航双镜头前后双录行车记录仪高清夜视加强停车监控倒车影像语音交互行车记录仪电子狗一体机套餐五双镜头前后双录+流媒体后录+32G卡,商品名称：丁威特 智能导航双镜头前后双录行车记录仪高清夜视加强停车监控 倒车影像语音交互行车记录仪电子狗一体机 套餐五 双镜头前后双录+流媒体后录+32G卡;商品编号：28984546121;店铺： ;商品毛重：100.00g;货号：T02;拍摄角度：170°及以上;操作方式：触屏;屏幕尺寸：8英寸及以上;分辨率：1080p;功能：夜视加强，语音交互，停车监控，前后双录，电子狗，WIFI，倒车影像，GPS，上网，智能导航;款式：后视镜式;安装方式：通用双镜头,559.00,0.99,700+
197,28984546122,https://item.jd.com/28984546122.html,丁威特智能导航双镜头前后双录行车记录仪高清夜视加强停车监控倒车影像语音交互行车记录仪电子狗一体机套餐六智能款前后双录+标配无卡,商品名称：丁威特 智能导航双镜头前后双录行车记录仪高清夜视加强停车监控 倒车影像语音交互行车记录仪电子狗一体机 套餐六 智能款前后双录+标配无卡;商品编号：28984546122;店铺： ;商品毛重：100.00g;货号：T02;拍摄角度：170°及以上;操作方式：触屏;屏幕尺寸：8英寸及以上;分辨率：1080p;功能：夜视加强，语音交互，停车监控，前后双录，电子狗，WIFI，倒车影像，GPS，上网，智能导航;款式：后视镜式;安装方式：通用双镜头,699.00,0.99,700+
198,28984546123,https://item.jd.com/28984546123.html,丁威特智能导航双镜头前后双录行车记录仪高清夜视加强停车监控倒车影像语音交互行车记录仪电子狗一体机套餐七智能款前后双录+32G内存卡,商品名称：丁威特 智能导航双镜头前后双录行车记录仪高清夜视加强停车监控 倒车影像语音交互行车记录仪电子狗一体机 套餐七 智能款前后双录+32G内存卡;商品编号：28984546123;店铺： ;商品毛重：100.00g;货号：T02;拍摄角度：170°及以上;操作方式：触屏;屏幕尺寸：8英寸及以上;分辨率：1080p;功能：夜视加强，语音交互，停车监控，前后双录，电子狗，WIFI，倒车影像，GPS，上网，智能导航;款式：后视镜式;安装方式：通用双镜头,799.00,0.99,700+
199,31019662080,https://item.jd.com/31019662080.html,丁威特智能导航双镜头前后双录行车记录仪高清夜视加强停车监控倒车影像语音交互行车记录仪电子狗一体机套餐八智能款前后双录+右录盲区+32G内存卡,商品名称：丁威特 智能导航双镜头前后双录行车记录仪高清夜视加强停车监控 倒车影像语音交互行车记录仪电子狗一体机 套餐八 智能款前后双录+右录盲区+32G内存卡;商品编号：31019662080;店铺： ;商品毛重：100.00g;货号：T02;拍摄角度：170°及以上;操作方式：触屏;屏幕尺寸：8英寸及以上;分辨率：1080p;功能：夜视加强，语音交互，停车监控，前后双录，电子狗，WIFI，倒车影像，GPS，上网，智能导航;款式：后视镜式;安装方式：通用双镜头,949.00,0.99,700+
200,4845026,https://item.jd.com/4845026.html,群华（VOSONIC）D2执法记录仪1080P高清夜视微型携带内置16G,商品名称：群华D2;商品编号：4845026;商品毛重：400.00g;商品产地：中国大陆;拍摄角度：120°-149°;操作方式：按键;屏幕尺寸：2.0英寸;分辨率：1296P;功能：夜视加强;款式：执法记录仪;安装方式：通用单镜头,499.00,0.99,1400+
201,6004749,https://item.jd.com/6004749.html,群华（VOSONIC）D2执法记录仪1080P高清夜视微型携带内置64G,商品名称：群华D2;商品编号：6004749;商品毛重：439.00g;商品产地：中国大陆;拍摄角度：120°-149°;操作方式：按键;屏幕尺寸：2.0英寸;分辨率：1296P;功能：夜视加强;款式：执法记录仪;安装方式：通用单镜头,699.00,0.99,1400+
202,1202765317,https://item.jd.com/1202765317.html,大众车载隐藏式帕萨特速腾迈腾途观高尔夫朗逸凌渡行车记录仪电子狗前后双录高清一体机套餐一,商品名称：大众车载隐藏式帕萨特速腾迈腾途观高尔夫朗逸凌渡行车记录仪电子狗前后双录高清一体机 套餐一;商品编号：1202765317;店铺： ;商品毛重：3.0kg;拍摄角度：150°-169°;操作方式：按键;屏幕尺寸：其它;分辨率：1080p;功能：夜视加强，停车监控，前后双录，倒车影像;款式：专车专用式;安装方式：专车专用双镜头,480.00,0.99,500+
203,1202765316,https://item.jd.com/1202765316.html,大众车载隐藏式帕萨特速腾迈腾途观高尔夫朗逸凌渡行车记录仪电子狗前后双录高清一体机套餐二,商品名称：大众车载隐藏式帕萨特速腾迈腾途观高尔夫朗逸凌渡行车记录仪电子狗前后双录高清一体机 套餐二;商品编号：1202765316;店铺： ;商品毛重：3.0kg;拍摄角度：150°-169°;操作方式：按键;屏幕尺寸：其它;分辨率：1080p;功能：夜视加强，停车监控，前后双录，倒车影像;款式：专车专用式;安装方式：专车专用双镜头,470.00,0.99,500+
204,1202765319,https://item.jd.com/1202765319.html,大众车载隐藏式帕萨特速腾迈腾途观高尔夫朗逸凌渡行车记录仪电子狗前后双录高清一体机套餐三,商品名称：大众车载隐藏式帕萨特速腾迈腾途观高尔夫朗逸凌渡行车记录仪电子狗前后双录高清一体机 套餐三;商品编号：1202765319;店铺： ;商品毛重：3.0kg;拍摄角度：150°-169°;操作方式：按键;屏幕尺寸：其它;分辨率：1080p;功能：夜视加强，停车监控，前后双录，倒车影像;款式：专车专用式;安装方式：专车专用双镜头,640.00,0.99,500+
205,29988787234,https://item.jd.com/29988787234.html,大众车载隐藏式帕萨特速腾迈腾途观高尔夫朗逸凌渡行车记录仪电子狗前后双录高清一体机官方标配,商品名称：大众车载隐藏式帕萨特速腾迈腾途观高尔夫朗逸凌渡行车记录仪电子狗前后双录高清一体机 官方标配;商品编号：29988787234;店铺： ;商品毛重：3.0kg;拍摄角度：150°-169°;操作方式：按键;屏幕尺寸：其它;分辨率：1080p;功能：夜视加强，停车监控，前后双录，倒车影像;款式：专车专用式;安装方式：专车专用双镜头,350.00,0.99,500+
206,1202765318,https://item.jd.com/1202765318.html,大众车载隐藏式帕萨特速腾迈腾途观高尔夫朗逸凌渡行车记录仪电子狗前后双录高清一体机套餐四,商品名称：大众车载隐藏式帕萨特速腾迈腾途观高尔夫朗逸凌渡行车记录仪电子狗前后双录高清一体机 套餐四;商品编号：1202765318;店铺： ;商品毛重：3.0kg;拍摄角度：150°-169°;操作方式：按键;屏幕尺寸：其它;分辨率：1080p;功能：夜视加强，停车监控，前后双录，倒车影像;款式：专车专用式;安装方式：专车专用双镜头,780.00,0.99,500+
207,10093066822,https://item.jd.com/10093066822.html,大众车载隐藏式帕萨特速腾迈腾途观高尔夫朗逸凌渡行车记录仪电子狗前后双录高清一体机套餐五,商品名称：大众车载隐藏式帕萨特速腾迈腾途观高尔夫朗逸凌渡行车记录仪电子狗前后双录高清一体机 套餐五;商品编号：10093066822;店铺： ;商品毛重：3.0kg;拍摄角度：150°-169°;操作方式：按键;屏幕尺寸：其它;分辨率：1080p;功能：夜视加强，停车监控，前后双录，倒车影像;款式：专车专用式;安装方式：专车专用双镜头,958.00,0.99,500+
208,10226112043,https://item.jd.com/10226112043.html,8英寸S系ADAS流媒体智能后视云镜行车记录仪导航仪一体机专车专用货车倒车影像电子狗路奈自由行2018全新七夕“礼遇”发烧购物节！+1元升级为方控版S3,商品名称：8英寸S系ADAS流媒体智能后视云镜行车记录仪导航仪一体机专车专用货车倒车影像电子狗 路奈自由行 2018全新 七夕“礼遇”发烧购物节！+1元升级为方控版S3;商品编号：10226112043;店铺： ;商品毛重：2.0kg;拍摄角度：170°及以上;操作方式：触屏;屏幕尺寸：8英寸及以上;分辨率：1080p;功能：夜视加强;款式：后视镜式;安装方式：专车专用双镜头,3099.00,0.99,1500+
209,10226112044,https://item.jd.com/10226112044.html,8英寸S系ADAS流媒体智能后视云镜行车记录仪导航仪一体机专车专用货车倒车影像电子狗路奈自由行2018全新2018全新顶配版S3+ADAS+全通网,商品名称：8英寸S系ADAS流媒体智能后视云镜行车记录仪导航仪一体机专车专用货车倒车影像电子狗 路奈自由行 2018全新 2018全新顶配版S3+ADAS+全通网;商品编号：10226112044;店铺： ;商品毛重：2.0kg;拍摄角度：170°及以上;操作方式：触屏;屏幕尺寸：8英寸及以上;分辨率：1080p;功能：夜视加强;款式：后视镜式;安装方式：专车专用双镜头,2999.00,0.99,1500+
210,10282547404,https://item.jd.com/10282547404.html,8英寸S系ADAS流媒体智能后视云镜行车记录仪导航仪一体机专车专用货车倒车影像电子狗路奈自由行2018全新若不参加+1元升级-直接购买方控版S3拍此链接,商品名称：8英寸S系ADAS流媒体智能后视云镜行车记录仪导航仪一体机专车专用货车倒车影像电子狗 路奈自由行 2018全新 若不参加+1元升级-直接购买方控版S3拍此链接;商品编号：10282547404;店铺： ;商品毛重：2.0kg;拍摄角度：170°及以上;操作方式：触屏;屏幕尺寸：8英寸及以上;分辨率：1080p;功能：夜视加强;款式：后视镜式;安装方式：专车专用双镜头,3499.00,0.99,1500+
211,11365067198,https://item.jd.com/11365067198.html,360行车记录仪一代升级版J501C汽车载迷你安霸A12高清夜视WIFI智能连接套装升级版16G卡,商品名称：360行车记录仪一代升级版 J501C汽车载迷你 安霸A12 高清夜视 WIFI智能连接 套装升级版16G卡;商品编号：11365067198;店铺： ;商品毛重：290.00g;拍摄角度：120°-149°;操作方式：按键;屏幕尺寸：2.0英寸;分辨率：1080p;功能：夜视加强，停车监控，WIFI;款式：卡片机;安装方式：通用单镜头,389.00,0.97,1万+
212,11266666784,https://item.jd.com/11266666784.html,360行车记录仪一代升级版J501C汽车载迷你安霸A12高清夜视WIFI智能连接标准升级版32G卡,商品名称：360行车记录仪一代升级版 J501C汽车载迷你 安霸A12 高清夜视 WIFI智能连接 标准升级版32G卡;商品编号：11266666784;店铺： ;商品毛重：290.00g;拍摄角度：120°-149°;操作方式：按键;屏幕尺寸：2.0英寸;分辨率：1080p;功能：夜视加强，停车监控，WIFI;款式：卡片机;安装方式：通用单镜头,349.00,0.97,1万+
213,11266666786,https://item.jd.com/11266666786.html,360行车记录仪一代升级版J501C汽车载迷你安霸A12高清夜视WIFI智能连接尊享升级版16G卡,商品名称：360行车记录仪一代升级版 J501C汽车载迷你 安霸A12 高清夜视 WIFI智能连接 尊享升级版16G卡;商品编号：11266666786;店铺： ;商品毛重：290.00g;拍摄角度：120°-149°;操作方式：按键;屏幕尺寸：2.0英寸;分辨率：1080p;功能：夜视加强，停车监控，WIFI;款式：卡片机;安装方式：通用单镜头,329.00,0.97,1万+
214,11266666785,https://item.jd.com/11266666785.html,360行车记录仪一代升级版J501C汽车载迷你安霸A12高清夜视WIFI智能连接标准升级版无卡,商品名称：360行车记录仪一代升级版 J501C汽车载迷你 安霸A12 高清夜视 WIFI智能连接 标准升级版无卡;商品编号：11266666785;店铺： ;商品毛重：290.00g;拍摄角度：120°-149°;操作方式：按键;屏幕尺寸：2.0英寸;分辨率：1080p;功能：夜视加强，停车监控，WIFI;款式：卡片机;安装方式：通用单镜头,299.00,0.97,1万+
